layout,layout_id,set_id,material,raw_x,raw_y,x,y,hold_id,hold_family,variant,orientation,orientation_degrees,orientation_sin,orientation_cos
mirror,10,12,wood,-48,4,0.125,0.0,FT,wood:FT,none,S,180.0,0.0,-1.0
mirror,10,12,wood,-40,4,0.1875,0.0,20D,wood:20D,none,N,0.0,0.0,1.0
mirror,10,12,wood,-24,4,0.3125,0.0,TDP,wood:TDP,none,N,0.0,0.0,1.0
mirror,10,12,wood,-8,4,0.4375,0.0,FT,wood:FT,none,S,180.0,0.0,-1.0
mirror,10,12,wood,8,4,0.5625,0.0,FT,wood:FT,none,S,180.0,0.0,-1.0
mirror,10,12,wood,24,4,0.6875,0.0,TDP,wood:TDP,none,N,0.0,0.0,1.0
mirror,10,12,wood,40,4,0.8125,0.0,20D,wood:20D,none,N,0.0,0.0,1.0
mirror,10,12,wood,48,4,0.875,0.0,FT,wood:FT,none,S,180.0,0.0,-1.0
mirror,10,12,wood,-52,8,0.09375,0.029411764705882353,FT,wood:FT,none,S,180.0,0.0,-1.0
mirror,10,12,wood,-4,8,0.46875,0.029411764705882353,TDP,wood:TDP,none,NW,315.0,-0.7071067812,0.7071067812
mirror,10,12,wood,4,8,0.53125,0.029411764705882353,TDP,wood:TDP,none,NE,45.0,0.7071067812,0.7071067812
mirror,10,12,wood,52,8,0.90625,0.029411764705882353,FT,wood:FT,none,S,180.0,0.0,-1.0
mirror,10,12,wood,-56,12,0.0625,0.058823529411764705,TDP,wood:TDP,none,NE,45.0,0.7071067812,0.7071067812
mirror,10,12,wood,-32,12,0.25,0.058823529411764705,FT,wood:FT,none,S,180.0,0.0,-1.0
mirror,10,12,wood,-24,12,0.3125,0.058823529411764705,FT,wood:FT,none,W,270.0,-1.0,-0.0
mirror,10,12,wood,-8,12,0.4375,0.058823529411764705,FT,wood:FT,none,NE,45.0,0.7071067812,0.7071067812
mirror,10,12,wood,8,12,0.5625,0.058823529411764705,FT,wood:FT,none,NW,315.0,-0.7071067812,0.7071067812
mirror,10,12,wood,24,12,0.6875,0.058823529411764705,FT,wood:FT,none,E,90.0,1.0,0.0
mirror,10,12,wood,32,12,0.75,0.058823529411764705,FT,wood:FT,none,S,180.0,0.0,-1.0
mirror,10,12,wood,56,12,0.9375,0.058823529411764705,TDP,wood:TDP,none,NW,315.0,-0.7071067812,0.7071067812
mirror,10,12,wood,-44,16,0.15625,0.08823529411764706,FT,wood:FT,none,NE,45.0,0.7071067812,0.7071067812
mirror,10,12,wood,44,16,0.84375,0.08823529411764706,FT,wood:FT,none,NW,315.0,-0.7071067812,0.7071067812
mirror,10,12,wood,-56,20,0.0625,0.11764705882352941,FT,wood:FT,none,N,0.0,0.0,1.0
mirror,10,12,wood,-32,20,0.25,0.11764705882352941,CBL,wood:CBL,none,N,0.0,0.0,1.0
mirror,10,12,wood,-16,20,0.375,0.11764705882352941,SHL,wood:SHL,none,N,0.0,0.0,1.0
mirror,10,12,wood,0,20,0.5,0.11764705882352941,FT,wood:FT,none,N,0.0,0.0,1.0
mirror,10,12,wood,16,20,0.625,0.11764705882352941,SHL,wood:SHL,none,N,0.0,0.0,1.0
mirror,10,12,wood,32,20,0.75,0.11764705882352941,CBL,wood:CBL,none,N,0.0,0.0,1.0
mirror,10,12,wood,56,20,0.9375,0.11764705882352941,FT,wood:FT,none,N,0.0,0.0,1.0
mirror,10,12,wood,-64,28,0.0,0.17647058823529413,FT,wood:FT,none,N,0.0,0.0,1.0
mirror,10,12,wood,-48,28,0.125,0.17647058823529413,FT,wood:FT,none,NW,315.0,-0.7071067812,0.7071067812
mirror,10,12,wood,-32,28,0.25,0.17647058823529413,FT,wood:FT,none,N,0.0,0.0,1.0
mirror,10,12,wood,-16,28,0.375,0.17647058823529413,FT,wood:FT,none,S,180.0,0.0,-1.0
mirror,10,12,wood,16,28,0.625,0.17647058823529413,FT,wood:FT,none,S,180.0,0.0,-1.0
mirror,10,12,wood,32,28,0.75,0.17647058823529413,FT,wood:FT,none,N,0.0,0.0,1.0
mirror,10,12,wood,48,28,0.875,0.17647058823529413,FT,wood:FT,none,NE,45.0,0.7071067812,0.7071067812
mirror,10,12,wood,64,28,1.0,0.17647058823529413,FT,wood:FT,none,N,0.0,0.0,1.0
mirror,10,12,wood,-52,32,0.09375,0.20588235294117646,DEP,wood:DEP,none,N,0.0,0.0,1.0
mirror,10,12,wood,-36,32,0.21875,0.20588235294117646,FT,wood:FT,none,S,180.0,0.0,-1.0
mirror,10,12,wood,-12,32,0.40625,0.20588235294117646,FT,wood:FT,none,NE,45.0,0.7071067812,0.7071067812
mirror,10,12,wood,12,32,0.59375,0.20588235294117646,FT,wood:FT,none,NW,315.0,-0.7071067812,0.7071067812
mirror,10,12,wood,36,32,0.78125,0.20588235294117646,FT,wood:FT,none,S,180.0,0.0,-1.0
mirror,10,12,wood,52,32,0.90625,0.20588235294117646,DEP,wood:DEP,none,N,0.0,0.0,1.0
mirror,10,12,wood,-64,36,0.0,0.23529411764705882,UCM,wood:UCM,none,S,180.0,0.0,-1.0
mirror,10,12,wood,-56,36,0.0625,0.23529411764705882,CBI,wood:CBI,none,NE,45.0,0.7071067812,0.7071067812
mirror,10,12,wood,-48,36,0.125,0.23529411764705882,FT,wood:FT,none,NE,45.0,0.7071067812,0.7071067812
mirror,10,12,wood,-24,36,0.3125,0.23529411764705882,CGP,wood:CGP,none,NW,315.0,-0.7071067812,0.7071067812
mirror,10,12,wood,-8,36,0.4375,0.23529411764705882,DLI,wood:DLI,none,N,0.0,0.0,1.0
mirror,10,12,wood,8,36,0.5625,0.23529411764705882,DLI,wood:DLI,none,N,0.0,0.0,1.0
mirror,10,12,wood,24,36,0.6875,0.23529411764705882,CGP,wood:CGP,none,NE,45.0,0.7071067812,0.7071067812
mirror,10,12,wood,48,36,0.875,0.23529411764705882,FT,wood:FT,none,NW,315.0,-0.7071067812,0.7071067812
mirror,10,12,wood,56,36,0.9375,0.23529411764705882,CBI,wood:CBI,none,NW,315.0,-0.7071067812,0.7071067812
mirror,10,12,wood,64,36,1.0,0.23529411764705882,UCM,wood:UCM,none,S,180.0,0.0,-1.0
mirror,10,12,wood,-60,40,0.03125,0.2647058823529412,WGL,wood:WG,l,W,270.0,-1.0,-0.0
mirror,10,12,wood,-44,40,0.15625,0.2647058823529412,DLI,wood:DLI,none,N/NW,337.5,-0.3826834324,0.9238795325
mirror,10,12,wood,-28,40,0.28125,0.2647058823529412,TDP,wood:TDP,none,N,0.0,0.0,1.0
mirror,10,12,wood,-12,40,0.40625,0.2647058823529412,UCM,wood:UCM,none,N,0.0,0.0,1.0
mirror,10,12,wood,12,40,0.59375,0.2647058823529412,UCM,wood:UCM,none,N,0.0,0.0,1.0
mirror,10,12,wood,28,40,0.71875,0.2647058823529412,TDP,wood:TDP,none,N,0.0,0.0,1.0
mirror,10,12,wood,44,40,0.84375,0.2647058823529412,DLI,wood:DLI,none,N/NE,22.5,0.3826834324,0.9238795325
mirror,10,12,wood,60,40,0.96875,0.2647058823529412,WGR,wood:WG,r,E,90.0,1.0,0.0
mirror,10,12,wood,-64,44,0.0,0.29411764705882354,FT,wood:FT,none,N,0.0,0.0,1.0
mirror,10,12,wood,-40,44,0.1875,0.29411764705882354,MFB,wood:MFB,none,N/NE,22.5,0.3826834324,0.9238795325
mirror,10,12,wood,-24,44,0.3125,0.29411764705882354,MFB,wood:MFB,none,S/SW,202.5,-0.3826834324,-0.9238795325
mirror,10,12,wood,-8,44,0.4375,0.29411764705882354,DEP,wood:DEP,none,N/NW,337.5,-0.3826834324,0.9238795325
mirror,10,12,wood,0,44,0.5,0.29411764705882354,MFB,wood:MFB,none,N,0.0,0.0,1.0
mirror,10,12,wood,8,44,0.5625,0.29411764705882354,DEP,wood:DEP,none,N/NE,22.5,0.3826834324,0.9238795325
mirror,10,12,wood,24,44,0.6875,0.29411764705882354,MFB,wood:MFB,none,S/SE,157.5,0.3826834324,-0.9238795325
mirror,10,12,wood,40,44,0.8125,0.29411764705882354,MFB,wood:MFB,none,N/NW,337.5,-0.3826834324,0.9238795325
mirror,10,12,wood,64,44,1.0,0.29411764705882354,FT,wood:FT,none,N,0.0,0.0,1.0
mirror,10,12,wood,-36,48,0.21875,0.3235294117647059,DEP,wood:DEP,none,N,0.0,0.0,1.0
mirror,10,12,wood,-20,48,0.34375,0.3235294117647059,DLC,wood:DLC,none,NW,315.0,-0.7071067812,0.7071067812
mirror,10,12,wood,20,48,0.65625,0.3235294117647059,DLC,wood:DLC,none,NE,45.0,0.7071067812,0.7071067812
mirror,10,12,wood,36,48,0.78125,0.3235294117647059,DEP,wood:DEP,none,N,0.0,0.0,1.0
mirror,10,12,wood,-64,52,0.0,0.35294117647058826,SHLM,wood:SHLM,none,N,0.0,0.0,1.0
mirror,10,12,wood,-48,52,0.125,0.35294117647058826,SKT,wood:SKT,none,N,0.0,0.0,1.0
mirror,10,12,wood,-24,52,0.3125,0.35294117647058826,30D,wood:30D,none,N,0.0,0.0,1.0
mirror,10,12,wood,0,52,0.5,0.35294117647058826,FBW,wood:FBW,none,S,180.0,0.0,-1.0
mirror,10,12,wood,24,52,0.6875,0.35294117647058826,30D,wood:30D,none,N,0.0,0.0,1.0
mirror,10,12,wood,48,52,0.875,0.35294117647058826,SKT,wood:SKT,none,N,0.0,0.0,1.0
mirror,10,12,wood,64,52,1.0,0.35294117647058826,SHLM,wood:SHLM,none,N,0.0,0.0,1.0
mirror,10,12,wood,-60,56,0.03125,0.38235294117647056,FT,wood:FT,none,NE,45.0,0.7071067812,0.7071067812
mirror,10,12,wood,-44,56,0.15625,0.38235294117647056,CWL,wood:CW,l,NW,315.0,-0.7071067812,0.7071067812
mirror,10,12,wood,-28,56,0.28125,0.38235294117647056,20D,wood:20D,none,NE,45.0,0.7071067812,0.7071067812
mirror,10,12,wood,-12,56,0.40625,0.38235294117647056,DLI,wood:DLI,none,N,0.0,0.0,1.0
mirror,10,12,wood,12,56,0.59375,0.38235294117647056,DLI,wood:DLI,none,N,0.0,0.0,1.0
mirror,10,12,wood,28,56,0.71875,0.38235294117647056,20D,wood:20D,none,NW,315.0,-0.7071067812,0.7071067812
mirror,10,12,wood,44,56,0.84375,0.38235294117647056,CWR,wood:CW,r,NE,45.0,0.7071067812,0.7071067812
mirror,10,12,wood,60,56,0.96875,0.38235294117647056,FT,wood:FT,none,NW,315.0,-0.7071067812,0.7071067812
mirror,10,12,wood,-40,60,0.1875,0.4117647058823529,DWL,wood:DW,l,E/NE,67.5,0.9238795325,0.3826834324
mirror,10,12,wood,-32,60,0.25,0.4117647058823529,15M,wood:15M,none,N,0.0,0.0,1.0
mirror,10,12,wood,-8,60,0.4375,0.4117647058823529,30D,wood:30D,none,W,270.0,-1.0,-0.0
mirror,10,12,wood,8,60,0.5625,0.4117647058823529,30D,wood:30D,none,E,90.0,1.0,0.0
mirror,10,12,wood,32,60,0.75,0.4117647058823529,15M,wood:15M,none,N,0.0,0.0,1.0
mirror,10,12,wood,40,60,0.8125,0.4117647058823529,DWR,wood:DW,r,W/NW,292.5,-0.9238795325,0.3826834324
mirror,10,12,wood,-60,64,0.03125,0.4411764705882353,CBI,wood:CBI,none,N,0.0,0.0,1.0
mirror,10,12,wood,-20,64,0.34375,0.4411764705882353,FB,wood:FB,none,N,0.0,0.0,1.0
mirror,10,12,wood,-12,64,0.40625,0.4411764705882353,CGB,wood:CGB,none,N,0.0,0.0,1.0
mirror,10,12,wood,12,64,0.59375,0.4411764705882353,CGB,wood:CGB,none,N,0.0,0.0,1.0
mirror,10,12,wood,20,64,0.65625,0.4411764705882353,FB,wood:FB,none,N,0.0,0.0,1.0
mirror,10,12,wood,60,64,0.96875,0.4411764705882353,CBI,wood:CBI,none,N,0.0,0.0,1.0
mirror,10,12,wood,-64,68,0.0,0.47058823529411764,BNP,wood:BNP,none,NW,315.0,-0.7071067812,0.7071067812
mirror,10,12,wood,-48,68,0.125,0.47058823529411764,CGP,wood:CGP,none,N,0.0,0.0,1.0
mirror,10,12,wood,-32,68,0.25,0.47058823529411764,CBL,wood:CBL,none,N/NW,337.5,-0.3826834324,0.9238795325
mirror,10,12,wood,-16,68,0.375,0.47058823529411764,SHLP,wood:SHLP,none,NE,45.0,0.7071067812,0.7071067812
mirror,10,12,wood,16,68,0.625,0.47058823529411764,SHLP,wood:SHLP,none,NW,315.0,-0.7071067812,0.7071067812
mirror,10,12,wood,32,68,0.75,0.47058823529411764,CBL,wood:CBL,none,N/NE,22.5,0.3826834324,0.9238795325
mirror,10,12,wood,48,68,0.875,0.47058823529411764,CGP,wood:CGP,none,N,0.0,0.0,1.0
mirror,10,12,wood,64,68,1.0,0.47058823529411764,BNP,wood:BNP,none,NE,45.0,0.7071067812,0.7071067812
mirror,10,12,wood,-52,72,0.09375,0.5,SHL,wood:SHL,none,N,0.0,0.0,1.0
mirror,10,12,wood,-28,72,0.28125,0.5,SHL,wood:SHL,none,N,0.0,0.0,1.0
mirror,10,12,wood,28,72,0.71875,0.5,SHL,wood:SHL,none,N,0.0,0.0,1.0
mirror,10,12,wood,52,72,0.90625,0.5,SHL,wood:SHL,none,N,0.0,0.0,1.0
mirror,10,12,wood,-64,76,0.0,0.5294117647058824,CGB,wood:CGB,none,N,0.0,0.0,1.0
mirror,10,12,wood,-48,76,0.125,0.5294117647058824,CWL,wood:CW,l,W/NW,292.5,-0.9238795325,0.3826834324
mirror,10,12,wood,-40,76,0.1875,0.5294117647058824,FB,wood:FB,none,N,0.0,0.0,1.0
mirror,10,12,wood,-24,76,0.3125,0.5294117647058824,CGB,wood:CGB,none,N,0.0,0.0,1.0
mirror,10,12,wood,-8,76,0.4375,0.5294117647058824,SRP,wood:SRP,none,N/NE,22.5,0.3826834324,0.9238795325
mirror,10,12,wood,0,76,0.5,0.5294117647058824,CBI,wood:CBI,none,N,0.0,0.0,1.0
mirror,10,12,wood,8,76,0.5625,0.5294117647058824,SRP,wood:SRP,none,N/NW,337.5,-0.3826834324,0.9238795325
mirror,10,12,wood,24,76,0.6875,0.5294117647058824,CGB,wood:CGB,none,N,0.0,0.0,1.0
mirror,10,12,wood,40,76,0.8125,0.5294117647058824,FB,wood:FB,none,N,0.0,0.0,1.0
mirror,10,12,wood,48,76,0.875,0.5294117647058824,CWR,wood:CW,r,E/NE,67.5,0.9238795325,0.3826834324
mirror,10,12,wood,64,76,1.0,0.5294117647058824,CGB,wood:CGB,none,N,0.0,0.0,1.0
mirror,10,12,wood,-52,80,0.09375,0.5588235294117647,FLM,wood:FLM,none,N,0.0,0.0,1.0
mirror,10,12,wood,-36,80,0.21875,0.5588235294117647,UCM,wood:UCM,none,N/NW,337.5,-0.3826834324,0.9238795325
mirror,10,12,wood,-28,80,0.28125,0.5588235294117647,SKT,wood:SKT,none,E/NE,67.5,0.9238795325,0.3826834324
mirror,10,12,wood,-4,80,0.46875,0.5588235294117647,KFCL,wood:KFC,l,SW,225.0,-0.7071067812,-0.7071067812
mirror,10,12,wood,4,80,0.53125,0.5588235294117647,KFCR,wood:KFC,r,SE,135.0,0.7071067812,-0.7071067812
mirror,10,12,wood,28,80,0.71875,0.5588235294117647,SKT,wood:SKT,none,W/NW,292.5,-0.9238795325,0.3826834324
mirror,10,12,wood,36,80,0.78125,0.5588235294117647,UCM,wood:UCM,none,N/NE,22.5,0.3826834324,0.9238795325
mirror,10,12,wood,52,80,0.90625,0.5588235294117647,FLM,wood:FLM,none,N,0.0,0.0,1.0
mirror,10,12,wood,-64,84,0.0,0.5882352941176471,FBW,wood:FBW,none,NE,45.0,0.7071067812,0.7071067812
mirror,10,12,wood,-48,84,0.125,0.5882352941176471,TDP,wood:TDP,none,N,0.0,0.0,1.0
mirror,10,12,wood,-24,84,0.3125,0.5882352941176471,CBI,wood:CBI,none,N,0.0,0.0,1.0
mirror,10,12,wood,-16,84,0.375,0.5882352941176471,CBL,wood:CBL,none,E/NE,67.5,0.9238795325,0.3826834324
mirror,10,12,wood,-8,84,0.4375,0.5882352941176471,CGB,wood:CGB,none,N,0.0,0.0,1.0
mirror,10,12,wood,8,84,0.5625,0.5882352941176471,CGB,wood:CGB,none,N,0.0,0.0,1.0
mirror,10,12,wood,16,84,0.625,0.5882352941176471,CBL,wood:CBL,none,W/NW,292.5,-0.9238795325,0.3826834324
mirror,10,12,wood,24,84,0.6875,0.5882352941176471,CBI,wood:CBI,none,N,0.0,0.0,1.0
mirror,10,12,wood,48,84,0.875,0.5882352941176471,TDP,wood:TDP,none,N,0.0,0.0,1.0
mirror,10,12,wood,64,84,1.0,0.5882352941176471,FBW,wood:FBW,none,NW,315.0,-0.7071067812,0.7071067812
mirror,10,12,wood,-36,88,0.21875,0.6176470588235294,DWL,wood:DW,l,W,270.0,-1.0,-0.0
mirror,10,12,wood,-20,88,0.34375,0.6176470588235294,BNP,wood:BNP,none,NW,315.0,-0.7071067812,0.7071067812
mirror,10,12,wood,-4,88,0.46875,0.6176470588235294,DEP,wood:DEP,none,NW,315.0,-0.7071067812,0.7071067812
mirror,10,12,wood,4,88,0.53125,0.6176470588235294,DEP,wood:DEP,none,NE,45.0,0.7071067812,0.7071067812
mirror,10,12,wood,20,88,0.65625,0.6176470588235294,BNP,wood:BNP,none,NE,45.0,0.7071067812,0.7071067812
mirror,10,12,wood,36,88,0.78125,0.6176470588235294,DWR,wood:DW,r,E,90.0,1.0,0.0
mirror,10,12,wood,-56,92,0.0625,0.6470588235294118,HRG,wood:HRG,none,NE,45.0,0.7071067812,0.7071067812
mirror,10,12,wood,-40,92,0.1875,0.6470588235294118,DLC,wood:DLC,none,N/NE,22.5,0.3826834324,0.9238795325
mirror,10,12,wood,-24,92,0.3125,0.6470588235294118,SHL,wood:SHL,none,N,0.0,0.0,1.0
mirror,10,12,wood,24,92,0.6875,0.6470588235294118,SHL,wood:SHL,none,N,0.0,0.0,1.0
mirror,10,12,wood,40,92,0.8125,0.6470588235294118,DLC,wood:DLC,none,N/NW,337.5,-0.3826834324,0.9238795325
mirror,10,12,wood,56,92,0.9375,0.6470588235294118,HRG,wood:HRG,none,NW,315.0,-0.7071067812,0.7071067812
mirror,10,12,wood,-28,96,0.28125,0.6764705882352942,FB,wood:FB,none,N/NE,22.5,0.3826834324,0.9238795325
mirror,10,12,wood,-12,96,0.40625,0.6764705882352942,DLI,wood:DLI,none,NW,315.0,-0.7071067812,0.7071067812
mirror,10,12,wood,-4,96,0.46875,0.6764705882352942,DWR,wood:DW,r,E/NE,67.5,0.9238795325,0.3826834324
mirror,10,12,wood,4,96,0.53125,0.6764705882352942,DWL,wood:DW,l,W/NW,292.5,-0.9238795325,0.3826834324
mirror,10,12,wood,12,96,0.59375,0.6764705882352942,DLI,wood:DLI,none,NE,45.0,0.7071067812,0.7071067812
mirror,10,12,wood,28,96,0.71875,0.6764705882352942,FB,wood:FB,none,N/NW,337.5,-0.3826834324,0.9238795325
mirror,10,12,wood,-64,100,0.0,0.7058823529411765,30D,wood:30D,none,NW,315.0,-0.7071067812,0.7071067812
mirror,10,12,wood,-48,100,0.125,0.7058823529411765,SKT,wood:SKT,none,N,0.0,0.0,1.0
mirror,10,12,wood,-40,100,0.1875,0.7058823529411765,TDP,wood:TDP,none,N/NW,337.5,-0.3826834324,0.9238795325
mirror,10,12,wood,-32,100,0.25,0.7058823529411765,KFCR,wood:KFC,r,NW,315.0,-0.7071067812,0.7071067812
mirror,10,12,wood,0,100,0.5,0.7058823529411765,FBW,wood:FBW,none,N,0.0,0.0,1.0
mirror,10,12,wood,32,100,0.75,0.7058823529411765,KFCL,wood:KFC,l,NE,45.0,0.7071067812,0.7071067812
mirror,10,12,wood,40,100,0.8125,0.7058823529411765,TDP,wood:TDP,none,N/NE,22.5,0.3826834324,0.9238795325
mirror,10,12,wood,48,100,0.875,0.7058823529411765,SKT,wood:SKT,none,N,0.0,0.0,1.0
mirror,10,12,wood,64,100,1.0,0.7058823529411765,30D,wood:30D,none,NE,45.0,0.7071067812,0.7071067812
mirror,10,12,wood,-60,104,0.03125,0.7352941176470589,DLI,wood:DLI,none,N,0.0,0.0,1.0
mirror,10,12,wood,-52,104,0.09375,0.7352941176470589,WGL,wood:WG,l,W/SW,247.5,-0.9238795325,-0.3826834324
mirror,10,12,wood,-44,104,0.15625,0.7352941176470589,30D,wood:30D,none,N,0.0,0.0,1.0
mirror,10,12,wood,-28,104,0.28125,0.7352941176470589,SHLP,wood:SHLP,none,NW,315.0,-0.7071067812,0.7071067812
mirror,10,12,wood,-20,104,0.34375,0.7352941176470589,SHLM,wood:SHLM,none,N/NW,337.5,-0.3826834324,0.9238795325
mirror,10,12,wood,-12,104,0.40625,0.7352941176470589,DEP,wood:DEP,none,N/NE,22.5,0.3826834324,0.9238795325
mirror,10,12,wood,-4,104,0.46875,0.7352941176470589,CGP,wood:CGP,none,E/NE,67.5,0.9238795325,0.3826834324
mirror,10,12,wood,4,104,0.53125,0.7352941176470589,CGP,wood:CGP,none,W/NW,292.5,-0.9238795325,0.3826834324
mirror,10,12,wood,12,104,0.59375,0.7352941176470589,DEP,wood:DEP,none,N/NW,337.5,-0.3826834324,0.9238795325
mirror,10,12,wood,20,104,0.65625,0.7352941176470589,SHLM,wood:SHLM,none,N/NE,22.5,0.3826834324,0.9238795325
mirror,10,12,wood,28,104,0.71875,0.7352941176470589,SHLP,wood:SHLP,none,NE,45.0,0.7071067812,0.7071067812
mirror,10,12,wood,44,104,0.84375,0.7352941176470589,30D,wood:30D,none,N,0.0,0.0,1.0
mirror,10,12,wood,52,104,0.90625,0.7352941176470589,WGR,wood:WG,r,E/SE,112.5,0.9238795325,-0.3826834324
mirror,10,12,wood,60,104,0.96875,0.7352941176470589,DLI,wood:DLI,none,N,0.0,0.0,1.0
mirror,10,12,wood,-56,108,0.0625,0.7647058823529411,CBI,wood:CBI,none,N,0.0,0.0,1.0
mirror,10,12,wood,-32,108,0.25,0.7647058823529411,DEP,wood:DEP,none,N,0.0,0.0,1.0
mirror,10,12,wood,-16,108,0.375,0.7647058823529411,DLC,wood:DLC,none,N,0.0,0.0,1.0
mirror,10,12,wood,16,108,0.625,0.7647058823529411,DLC,wood:DLC,none,N,0.0,0.0,1.0
mirror,10,12,wood,32,108,0.75,0.7647058823529411,DEP,wood:DEP,none,N,0.0,0.0,1.0
mirror,10,12,wood,56,108,0.9375,0.7647058823529411,CBI,wood:CBI,none,N,0.0,0.0,1.0
mirror,10,12,wood,-12,112,0.40625,0.7941176470588235,20D,wood:20D,none,N/NW,337.5,-0.3826834324,0.9238795325
mirror,10,12,wood,-4,112,0.46875,0.7941176470588235,SHL,wood:SHL,none,N,0.0,0.0,1.0
mirror,10,12,wood,4,112,0.53125,0.7941176470588235,SHL,wood:SHL,none,N,0.0,0.0,1.0
mirror,10,12,wood,12,112,0.59375,0.7941176470588235,20D,wood:20D,none,N/NE,22.5,0.3826834324,0.9238795325
mirror,10,12,wood,-64,116,0.0,0.8235294117647058,FBW,wood:FBW,none,N,0.0,0.0,1.0
mirror,10,12,wood,-48,116,0.125,0.8235294117647058,CWR,wood:CW,r,NE,45.0,0.7071067812,0.7071067812
mirror,10,12,wood,-40,116,0.1875,0.8235294117647058,SRP,wood:SRP,none,N/NW,337.5,-0.3826834324,0.9238795325
mirror,10,12,wood,-32,116,0.25,0.8235294117647058,FB,wood:FB,none,N,0.0,0.0,1.0
mirror,10,12,wood,0,116,0.5,0.8235294117647058,CBI,wood:CBI,none,N,0.0,0.0,1.0
mirror,10,12,wood,32,116,0.75,0.8235294117647058,FB,wood:FB,none,N,0.0,0.0,1.0
mirror,10,12,wood,40,116,0.8125,0.8235294117647058,SRP,wood:SRP,none,N/NE,22.5,0.3826834324,0.9238795325
mirror,10,12,wood,48,116,0.875,0.8235294117647058,CWL,wood:CW,l,NW,315.0,-0.7071067812,0.7071067812
mirror,10,12,wood,64,116,1.0,0.8235294117647058,FBW,wood:FBW,none,N,0.0,0.0,1.0
mirror,10,12,wood,-52,120,0.09375,0.8529411764705882,15D,wood:15D,none,N,0.0,0.0,1.0
mirror,10,12,wood,-44,120,0.15625,0.8529411764705882,SHLP,wood:SHLP,none,E,90.0,1.0,0.0
mirror,10,12,wood,-28,120,0.28125,0.8529411764705882,DLI,wood:DLI,none,N/NE,22.5,0.3826834324,0.9238795325
mirror,10,12,wood,-20,120,0.34375,0.8529411764705882,BNP,wood:BNP,none,NE,45.0,0.7071067812,0.7071067812
mirror,10,12,wood,-12,120,0.40625,0.8529411764705882,TDP,wood:TDP,none,NW,315.0,-0.7071067812,0.7071067812
mirror,10,12,wood,-4,120,0.46875,0.8529411764705882,15D,wood:15D,none,N,0.0,0.0,1.0
mirror,10,12,wood,4,120,0.53125,0.8529411764705882,15D,wood:15D,none,N,0.0,0.0,1.0
mirror,10,12,wood,12,120,0.59375,0.8529411764705882,TDP,wood:TDP,none,NE,45.0,0.7071067812,0.7071067812
mirror,10,12,wood,20,120,0.65625,0.8529411764705882,BNP,wood:BNP,none,NW,315.0,-0.7071067812,0.7071067812
mirror,10,12,wood,28,120,0.71875,0.8529411764705882,DLI,wood:DLI,none,N/NW,337.5,-0.3826834324,0.9238795325
mirror,10,12,wood,44,120,0.84375,0.8529411764705882,SHLP,wood:SHLP,none,W,270.0,-1.0,-0.0
mirror,10,12,wood,52,120,0.90625,0.8529411764705882,15D,wood:15D,none,N,0.0,0.0,1.0
mirror,10,12,wood,-56,124,0.0625,0.8823529411764706,FB,wood:FB,none,N,0.0,0.0,1.0
mirror,10,12,wood,-16,124,0.375,0.8823529411764706,CBL,wood:CBL,none,N,0.0,0.0,1.0
mirror,10,12,wood,-8,124,0.4375,0.8823529411764706,CGP,wood:CGP,none,NW,315.0,-0.7071067812,0.7071067812
mirror,10,12,wood,8,124,0.5625,0.8823529411764706,CGP,wood:CGP,none,NE,45.0,0.7071067812,0.7071067812
mirror,10,12,wood,16,124,0.625,0.8823529411764706,CBL,wood:CBL,none,N,0.0,0.0,1.0
mirror,10,12,wood,56,124,0.9375,0.8823529411764706,FB,wood:FB,none,N,0.0,0.0,1.0
mirror,10,12,wood,-52,128,0.09375,0.9117647058823529,DLI,wood:DLI,none,N,0.0,0.0,1.0
mirror,10,12,wood,-44,128,0.15625,0.9117647058823529,CBI,wood:CBI,none,N,0.0,0.0,1.0
mirror,10,12,wood,44,128,0.84375,0.9117647058823529,CBI,wood:CBI,none,N,0.0,0.0,1.0
mirror,10,12,wood,52,128,0.90625,0.9117647058823529,DLI,wood:DLI,none,N,0.0,0.0,1.0
mirror,10,12,wood,-32,132,0.25,0.9411764705882353,HRG,wood:HRG,none,E,90.0,1.0,0.0
mirror,10,12,wood,-24,132,0.3125,0.9411764705882353,FB,wood:FB,none,N/NE,22.5,0.3826834324,0.9238795325
mirror,10,12,wood,-16,132,0.375,0.9411764705882353,KFCR,wood:KFC,r,N,0.0,0.0,1.0
mirror,10,12,wood,-8,132,0.4375,0.9411764705882353,30D,wood:30D,none,N,0.0,0.0,1.0
mirror,10,12,wood,8,132,0.5625,0.9411764705882353,30D,wood:30D,none,N,0.0,0.0,1.0
mirror,10,12,wood,16,132,0.625,0.9411764705882353,KFCL,wood:KFC,l,N,0.0,0.0,1.0
mirror,10,12,wood,24,132,0.6875,0.9411764705882353,FB,wood:FB,none,N/NW,337.5,-0.3826834324,0.9238795325
mirror,10,12,wood,32,132,0.75,0.9411764705882353,HRG,wood:HRG,none,W,270.0,-1.0,-0.0
mirror,10,12,wood,-12,136,0.40625,0.9705882352941176,BNP,wood:BNP,none,NE,45.0,0.7071067812,0.7071067812
mirror,10,12,wood,12,136,0.59375,0.9705882352941176,BNP,wood:BNP,none,NW,315.0,-0.7071067812,0.7071067812
mirror,10,12,wood,-48,140,0.125,1.0,20D,wood:20D,none,N,0.0,0.0,1.0
mirror,10,12,wood,-32,140,0.25,1.0,FB,wood:FB,none,N,0.0,0.0,1.0
mirror,10,12,wood,-24,140,0.3125,1.0,BNP,wood:BNP,none,N,0.0,0.0,1.0
mirror,10,12,wood,-8,140,0.4375,1.0,CBI,wood:CBI,none,N/NW,337.5,-0.3826834324,0.9238795325
mirror,10,12,wood,8,140,0.5625,1.0,CBI,wood:CBI,none,N/NE,22.5,0.3826834324,0.9238795325
mirror,10,12,wood,24,140,0.6875,1.0,BNP,wood:BNP,none,N,0.0,0.0,1.0
mirror,10,12,wood,32,140,0.75,1.0,FB,wood:FB,none,N,0.0,0.0,1.0
mirror,10,12,wood,48,140,0.875,1.0,20D,wood:20D,none,N,0.0,0.0,1.0
mirror,10,13,plastic,-64,4,0.0,0.0,35l,plastic:35,l,SW,225.0,-0.7071067812,-0.7071067812
mirror,10,13,plastic,-56,4,0.0625,0.0,77s,plastic:77,s,S,180.0,0.0,-1.0
mirror,10,13,plastic,-32,4,0.25,0.0,7s,plastic:7,s,S,180.0,0.0,-1.0
mirror,10,13,plastic,-16,4,0.375,0.0,77s,plastic:77,s,S,180.0,0.0,-1.0
mirror,10,13,plastic,0,4,0.5,0.0,61s,plastic:61,s,S,180.0,0.0,-1.0
mirror,10,13,plastic,16,4,0.625,0.0,77s,plastic:77,s,S,180.0,0.0,-1.0
mirror,10,13,plastic,32,4,0.75,0.0,7s,plastic:7,s,S,180.0,0.0,-1.0
mirror,10,13,plastic,56,4,0.9375,0.0,77s,plastic:77,s,S,180.0,0.0,-1.0
mirror,10,13,plastic,64,4,1.0,0.0,35r,plastic:35,r,SE,135.0,0.7071067812,-0.7071067812
mirror,10,13,plastic,-40,12,0.1875,0.058823529411764705,61s,plastic:61,s,W,270.0,-1.0,-0.0
mirror,10,13,plastic,-16,12,0.375,0.058823529411764705,35l,plastic:35,l,W/SW,247.5,-0.9238795325,-0.3826834324
mirror,10,13,plastic,0,12,0.5,0.058823529411764705,74s,plastic:74,s,S,180.0,0.0,-1.0
mirror,10,13,plastic,16,12,0.625,0.058823529411764705,35r,plastic:35,r,E/SE,112.5,0.9238795325,-0.3826834324
mirror,10,13,plastic,40,12,0.8125,0.058823529411764705,61s,plastic:61,s,E,90.0,1.0,0.0
mirror,10,13,plastic,-52,16,0.09375,0.08823529411764706,9r,plastic:9,r,SE,135.0,0.7071067812,-0.7071067812
mirror,10,13,plastic,-28,16,0.28125,0.08823529411764706,35r,plastic:35,r,SE,135.0,0.7071067812,-0.7071067812
mirror,10,13,plastic,28,16,0.71875,0.08823529411764706,35l,plastic:35,l,SW,225.0,-0.7071067812,-0.7071067812
mirror,10,13,plastic,52,16,0.90625,0.08823529411764706,9l,plastic:9,l,SW,225.0,-0.7071067812,-0.7071067812
mirror,10,13,plastic,-64,20,0.0,0.11764705882352941,61s,plastic:61,s,SE,135.0,0.7071067812,-0.7071067812
mirror,10,13,plastic,-40,20,0.1875,0.11764705882352941,61s,plastic:61,s,S,180.0,0.0,-1.0
mirror,10,13,plastic,-8,20,0.4375,0.11764705882352941,61s,plastic:61,s,SE,135.0,0.7071067812,-0.7071067812
mirror,10,13,plastic,8,20,0.5625,0.11764705882352941,61s,plastic:61,s,SW,225.0,-0.7071067812,-0.7071067812
mirror,10,13,plastic,40,20,0.8125,0.11764705882352941,61s,plastic:61,s,S,180.0,0.0,-1.0
mirror,10,13,plastic,64,20,1.0,0.11764705882352941,61s,plastic:61,s,SW,225.0,-0.7071067812,-0.7071067812
mirror,10,13,plastic,-52,24,0.09375,0.14705882352941177,9l,plastic:9,l,SW,225.0,-0.7071067812,-0.7071067812
mirror,10,13,plastic,-44,24,0.15625,0.14705882352941177,74s,plastic:74,s,S,180.0,0.0,-1.0
mirror,10,13,plastic,-20,24,0.34375,0.14705882352941177,6s,plastic:6,s,S,180.0,0.0,-1.0
mirror,10,13,plastic,20,24,0.65625,0.14705882352941177,6s,plastic:6,s,S,180.0,0.0,-1.0
mirror,10,13,plastic,44,24,0.84375,0.14705882352941177,74s,plastic:74,s,S,180.0,0.0,-1.0
mirror,10,13,plastic,52,24,0.90625,0.14705882352941177,9r,plastic:9,r,SE,135.0,0.7071067812,-0.7071067812
mirror,10,13,plastic,-40,28,0.1875,0.17647058823529413,8s,plastic:8,s,S,180.0,0.0,-1.0
mirror,10,13,plastic,-24,28,0.3125,0.17647058823529413,74s,plastic:74,s,SE,135.0,0.7071067812,-0.7071067812
mirror,10,13,plastic,-8,28,0.4375,0.17647058823529413,7s,plastic:7,s,S,180.0,0.0,-1.0
mirror,10,13,plastic,0,28,0.5,0.17647058823529413,8s,plastic:8,s,S,180.0,0.0,-1.0
mirror,10,13,plastic,8,28,0.5625,0.17647058823529413,7s,plastic:7,s,S,180.0,0.0,-1.0
mirror,10,13,plastic,24,28,0.6875,0.17647058823529413,74s,plastic:74,s,SW,225.0,-0.7071067812,-0.7071067812
mirror,10,13,plastic,40,28,0.8125,0.17647058823529413,8s,plastic:8,s,S,180.0,0.0,-1.0
mirror,10,13,plastic,-60,32,0.03125,0.20588235294117646,8s,plastic:8,s,S,180.0,0.0,-1.0
mirror,10,13,plastic,-44,32,0.15625,0.20588235294117646,74s,plastic:74,s,SW,225.0,-0.7071067812,-0.7071067812
mirror,10,13,plastic,-4,32,0.46875,0.20588235294117646,74s,plastic:74,s,S,180.0,0.0,-1.0
mirror,10,13,plastic,4,32,0.53125,0.20588235294117646,74s,plastic:74,s,S,180.0,0.0,-1.0
mirror,10,13,plastic,44,32,0.84375,0.20588235294117646,74s,plastic:74,s,SE,135.0,0.7071067812,-0.7071067812
mirror,10,13,plastic,60,32,0.96875,0.20588235294117646,8s,plastic:8,s,S,180.0,0.0,-1.0
mirror,10,13,plastic,-40,36,0.1875,0.23529411764705882,77s,plastic:77,s,SE,135.0,0.7071067812,-0.7071067812
mirror,10,13,plastic,-32,36,0.25,0.23529411764705882,74s,plastic:74,s,S,180.0,0.0,-1.0
mirror,10,13,plastic,-16,36,0.375,0.23529411764705882,75s,plastic:75,s,NW,315.0,-0.7071067812,0.7071067812
mirror,10,13,plastic,0,36,0.5,0.23529411764705882,3s,plastic:3,s,W,270.0,-1.0,-0.0
mirror,10,13,plastic,16,36,0.625,0.23529411764705882,75s,plastic:75,s,NE,45.0,0.7071067812,0.7071067812
mirror,10,13,plastic,32,36,0.75,0.23529411764705882,74s,plastic:74,s,S,180.0,0.0,-1.0
mirror,10,13,plastic,40,36,0.8125,0.23529411764705882,77s,plastic:77,s,SW,225.0,-0.7071067812,-0.7071067812
mirror,10,13,plastic,-52,40,0.09375,0.2647058823529412,59s,plastic:59,s,SE,135.0,0.7071067812,-0.7071067812
mirror,10,13,plastic,-4,40,0.46875,0.2647058823529412,65s,plastic:65,s,N,0.0,0.0,1.0
mirror,10,13,plastic,4,40,0.53125,0.2647058823529412,65s,plastic:65,s,S,180.0,0.0,-1.0
mirror,10,13,plastic,52,40,0.90625,0.2647058823529412,59s,plastic:59,s,SW,225.0,-0.7071067812,-0.7071067812
mirror,10,13,plastic,-32,44,0.25,0.29411764705882354,39l,plastic:39,l,N,0.0,0.0,1.0
mirror,10,13,plastic,-16,44,0.375,0.29411764705882354,23l,plastic:23,l,SE,135.0,0.7071067812,-0.7071067812
mirror,10,13,plastic,16,44,0.625,0.29411764705882354,23r,plastic:23,r,SW,225.0,-0.7071067812,-0.7071067812
mirror,10,13,plastic,32,44,0.75,0.29411764705882354,39r,plastic:39,r,N,0.0,0.0,1.0
mirror,10,13,plastic,-60,48,0.03125,0.3235294117647059,21l,plastic:21,l,S,180.0,0.0,-1.0
mirror,10,13,plastic,-52,48,0.09375,0.3235294117647059,47r,plastic:47,r,NW,315.0,-0.7071067812,0.7071067812
mirror,10,13,plastic,-44,48,0.15625,0.3235294117647059,61s,plastic:61,s,SW,225.0,-0.7071067812,-0.7071067812
mirror,10,13,plastic,-12,48,0.40625,0.3235294117647059,49r,plastic:49,r,SW,225.0,-0.7071067812,-0.7071067812
mirror,10,13,plastic,-4,48,0.46875,0.3235294117647059,42l,plastic:42,l,S,180.0,0.0,-1.0
mirror,10,13,plastic,4,48,0.53125,0.3235294117647059,42r,plastic:42,r,S,180.0,0.0,-1.0
mirror,10,13,plastic,12,48,0.59375,0.3235294117647059,49l,plastic:49,l,SE,135.0,0.7071067812,-0.7071067812
mirror,10,13,plastic,44,48,0.84375,0.3235294117647059,61s,plastic:61,s,SE,135.0,0.7071067812,-0.7071067812
mirror,10,13,plastic,52,48,0.90625,0.3235294117647059,47l,plastic:47,l,NE,45.0,0.7071067812,0.7071067812
mirror,10,13,plastic,60,48,0.96875,0.3235294117647059,21r,plastic:21,r,S,180.0,0.0,-1.0
mirror,10,13,plastic,-40,52,0.1875,0.35294117647058826,30s,plastic:30,s,NE,45.0,0.7071067812,0.7071067812
mirror,10,13,plastic,-32,52,0.25,0.35294117647058826,26r,plastic:26,r,S,180.0,0.0,-1.0
mirror,10,13,plastic,-16,52,0.375,0.35294117647058826,22r,plastic:22,r,SW,225.0,-0.7071067812,-0.7071067812
mirror,10,13,plastic,-8,52,0.4375,0.35294117647058826,61s,plastic:61,s,SW,225.0,-0.7071067812,-0.7071067812
mirror,10,13,plastic,8,52,0.5625,0.35294117647058826,61s,plastic:61,s,SE,135.0,0.7071067812,-0.7071067812
mirror,10,13,plastic,16,52,0.625,0.35294117647058826,22l,plastic:22,l,SE,135.0,0.7071067812,-0.7071067812
mirror,10,13,plastic,32,52,0.75,0.35294117647058826,26l,plastic:26,l,S,180.0,0.0,-1.0
mirror,10,13,plastic,40,52,0.8125,0.35294117647058826,30s,plastic:30,s,NW,315.0,-0.7071067812,0.7071067812
mirror,10,13,plastic,-52,56,0.09375,0.38235294117647056,35l,plastic:35,l,SW,225.0,-0.7071067812,-0.7071067812
mirror,10,13,plastic,-36,56,0.21875,0.38235294117647056,61s,plastic:61,s,S,180.0,0.0,-1.0
mirror,10,13,plastic,-20,56,0.34375,0.38235294117647056,12r,plastic:12,r,W/SW,247.5,-0.9238795325,-0.3826834324
mirror,10,13,plastic,-4,56,0.46875,0.38235294117647056,51r,plastic:51,r,W,270.0,-1.0,-0.0
mirror,10,13,plastic,4,56,0.53125,0.38235294117647056,51l,plastic:51,l,E,90.0,1.0,0.0
mirror,10,13,plastic,20,56,0.65625,0.38235294117647056,12l,plastic:12,l,E/SE,112.5,0.9238795325,-0.3826834324
mirror,10,13,plastic,36,56,0.78125,0.38235294117647056,61s,plastic:61,s,S,180.0,0.0,-1.0
mirror,10,13,plastic,52,56,0.90625,0.38235294117647056,35r,plastic:35,r,SE,135.0,0.7071067812,-0.7071067812
mirror,10,13,plastic,-64,60,0.0,0.4117647058823529,75s,plastic:75,s,SW,225.0,-0.7071067812,-0.7071067812
mirror,10,13,plastic,-56,60,0.0625,0.4117647058823529,34r,plastic:34,r,E,90.0,1.0,0.0
mirror,10,13,plastic,-48,60,0.125,0.4117647058823529,14l,plastic:14,l,E/SE,112.5,0.9238795325,-0.3826834324
mirror,10,13,plastic,-24,60,0.3125,0.4117647058823529,3s,plastic:3,s,NE,45.0,0.7071067812,0.7071067812
mirror,10,13,plastic,-16,60,0.375,0.4117647058823529,16r,plastic:16,r,W,270.0,-1.0,-0.0
mirror,10,13,plastic,0,60,0.5,0.4117647058823529,5s,plastic:5,s,S,180.0,0.0,-1.0
mirror,10,13,plastic,16,60,0.625,0.4117647058823529,16l,plastic:16,l,E,90.0,1.0,0.0
mirror,10,13,plastic,24,60,0.6875,0.4117647058823529,3s,plastic:3,s,SE,135.0,0.7071067812,-0.7071067812
mirror,10,13,plastic,48,60,0.875,0.4117647058823529,14r,plastic:14,r,W/SW,247.5,-0.9238795325,-0.3826834324
mirror,10,13,plastic,56,60,0.9375,0.4117647058823529,34l,plastic:34,l,W,270.0,-1.0,-0.0
mirror,10,13,plastic,64,60,1.0,0.4117647058823529,75s,plastic:75,s,SE,135.0,0.7071067812,-0.7071067812
mirror,10,13,plastic,-52,64,0.09375,0.4411764705882353,67s,plastic:67,s,S,180.0,0.0,-1.0
mirror,10,13,plastic,-36,64,0.21875,0.4411764705882353,57s,plastic:57,s,E,90.0,1.0,0.0
mirror,10,13,plastic,-28,64,0.28125,0.4411764705882353,61s,plastic:61,s,E,90.0,1.0,0.0
mirror,10,13,plastic,-4,64,0.46875,0.4411764705882353,74s,plastic:74,s,S,180.0,0.0,-1.0
mirror,10,13,plastic,4,64,0.53125,0.4411764705882353,74s,plastic:74,s,S,180.0,0.0,-1.0
mirror,10,13,plastic,28,64,0.71875,0.4411764705882353,61s,plastic:61,s,W,270.0,-1.0,-0.0
mirror,10,13,plastic,36,64,0.78125,0.4411764705882353,57s,plastic:57,s,E,90.0,1.0,0.0
mirror,10,13,plastic,52,64,0.90625,0.4411764705882353,67s,plastic:67,s,S,180.0,0.0,-1.0
mirror,10,13,plastic,-56,68,0.0625,0.47058823529411764,33l,plastic:33,l,S/SW,202.5,-0.3826834324,-0.9238795325
mirror,10,13,plastic,-40,68,0.1875,0.47058823529411764,46l,plastic:46,l,NE,45.0,0.7071067812,0.7071067812
mirror,10,13,plastic,-24,68,0.3125,0.47058823529411764,45l,plastic:45,l,E,90.0,1.0,0.0
mirror,10,13,plastic,-8,68,0.4375,0.47058823529411764,11l,plastic:11,l,E,90.0,1.0,0.0
mirror,10,13,plastic,0,68,0.5,0.47058823529411764,28s,plastic:28,s,N,0.0,0.0,1.0
mirror,10,13,plastic,8,68,0.5625,0.47058823529411764,11r,plastic:11,r,W,270.0,-1.0,-0.0
mirror,10,13,plastic,24,68,0.6875,0.47058823529411764,45r,plastic:45,r,W,270.0,-1.0,-0.0
mirror,10,13,plastic,40,68,0.8125,0.47058823529411764,46r,plastic:46,r,NW,315.0,-0.7071067812,0.7071067812
mirror,10,13,plastic,56,68,0.9375,0.47058823529411764,33r,plastic:33,r,S/SE,157.5,0.3826834324,-0.9238795325
mirror,10,13,plastic,-44,72,0.15625,0.5,17l,plastic:17,l,NE,45.0,0.7071067812,0.7071067812
mirror,10,13,plastic,-20,72,0.34375,0.5,32s,plastic:32,s,S/SW,202.5,-0.3826834324,-0.9238795325
mirror,10,13,plastic,-12,72,0.40625,0.5,37r,plastic:37,r,S,180.0,0.0,-1.0
mirror,10,13,plastic,-4,72,0.46875,0.5,43l,plastic:43,l,SW,225.0,-0.7071067812,-0.7071067812
mirror,10,13,plastic,4,72,0.53125,0.5,43r,plastic:43,r,SE,135.0,0.7071067812,-0.7071067812
mirror,10,13,plastic,12,72,0.59375,0.5,37l,plastic:37,l,S,180.0,0.0,-1.0
mirror,10,13,plastic,20,72,0.65625,0.5,32s,plastic:32,s,S/SE,157.5,0.3826834324,-0.9238795325
mirror,10,13,plastic,44,72,0.84375,0.5,17r,plastic:17,r,NW,315.0,-0.7071067812,0.7071067812
mirror,10,13,plastic,-56,76,0.0625,0.5294117647058824,60s,plastic:60,s,S,180.0,0.0,-1.0
mirror,10,13,plastic,-32,76,0.25,0.5294117647058824,31s,plastic:31,s,SE,135.0,0.7071067812,-0.7071067812
mirror,10,13,plastic,-16,76,0.375,0.5294117647058824,52s,plastic:52,s,S,180.0,0.0,-1.0
mirror,10,13,plastic,16,76,0.625,0.5294117647058824,52s,plastic:52,s,S,180.0,0.0,-1.0
mirror,10,13,plastic,32,76,0.75,0.5294117647058824,31s,plastic:31,s,NE,45.0,0.7071067812,0.7071067812
mirror,10,13,plastic,56,76,0.9375,0.5294117647058824,60s,plastic:60,s,S,180.0,0.0,-1.0
mirror,10,13,plastic,-60,80,0.03125,0.5588235294117647,61s,plastic:61,s,E/SE,112.5,0.9238795325,-0.3826834324
mirror,10,13,plastic,-44,80,0.15625,0.5588235294117647,58s,plastic:58,s,N,0.0,0.0,1.0
mirror,10,13,plastic,-20,80,0.34375,0.5588235294117647,51l,plastic:51,l,NE,45.0,0.7071067812,0.7071067812
mirror,10,13,plastic,-12,80,0.40625,0.5588235294117647,68s,plastic:68,s,SE,135.0,0.7071067812,-0.7071067812
mirror,10,13,plastic,12,80,0.59375,0.5588235294117647,68s,plastic:68,s,SW,225.0,-0.7071067812,-0.7071067812
mirror,10,13,plastic,20,80,0.65625,0.5588235294117647,51r,plastic:51,r,NW,315.0,-0.7071067812,0.7071067812
mirror,10,13,plastic,44,80,0.84375,0.5588235294117647,58s,plastic:58,s,S,180.0,0.0,-1.0
mirror,10,13,plastic,60,80,0.96875,0.5588235294117647,61s,plastic:61,s,W/SW,247.5,-0.9238795325,-0.3826834324
mirror,10,13,plastic,-56,84,0.0625,0.5882352941176471,71s,plastic:71,s,S,180.0,0.0,-1.0
mirror,10,13,plastic,-40,84,0.1875,0.5882352941176471,18r,plastic:18,r,S,180.0,0.0,-1.0
mirror,10,13,plastic,-32,84,0.25,0.5882352941176471,54s,plastic:54,s,S,180.0,0.0,-1.0
mirror,10,13,plastic,0,84,0.5,0.5882352941176471,64s,plastic:64,s,S,180.0,0.0,-1.0
mirror,10,13,plastic,32,84,0.75,0.5882352941176471,54s,plastic:54,s,S,180.0,0.0,-1.0
mirror,10,13,plastic,40,84,0.8125,0.5882352941176471,18l,plastic:18,l,S,180.0,0.0,-1.0
mirror,10,13,plastic,56,84,0.9375,0.5882352941176471,71s,plastic:71,s,S,180.0,0.0,-1.0
mirror,10,13,plastic,-60,88,0.03125,0.6176470588235294,48l,plastic:48,l,S/SE,157.5,0.3826834324,-0.9238795325
mirror,10,13,plastic,-52,88,0.09375,0.6176470588235294,55s,plastic:55,s,S,180.0,0.0,-1.0
mirror,10,13,plastic,-28,88,0.28125,0.6176470588235294,70s,plastic:70,s,S,180.0,0.0,-1.0
mirror,10,13,plastic,-12,88,0.40625,0.6176470588235294,29s,plastic:29,s,S,180.0,0.0,-1.0
mirror,10,13,plastic,12,88,0.59375,0.6176470588235294,29s,plastic:29,s,S,180.0,0.0,-1.0
mirror,10,13,plastic,28,88,0.71875,0.6176470588235294,70s,plastic:70,s,S,180.0,0.0,-1.0
mirror,10,13,plastic,52,88,0.90625,0.6176470588235294,55s,plastic:55,s,S,180.0,0.0,-1.0
mirror,10,13,plastic,60,88,0.96875,0.6176470588235294,48r,plastic:48,r,S/SW,202.5,-0.3826834324,-0.9238795325
mirror,10,13,plastic,-64,92,0.0,0.6470588235294118,20l,plastic:20,l,W,270.0,-1.0,-0.0
mirror,10,13,plastic,-48,92,0.125,0.6470588235294118,13r,plastic:13,r,W/SW,247.5,-0.9238795325,-0.3826834324
mirror,10,13,plastic,-32,92,0.25,0.6470588235294118,64s,plastic:64,s,SW,225.0,-0.7071067812,-0.7071067812
mirror,10,13,plastic,-16,92,0.375,0.6470588235294118,42l,plastic:42,l,SW,225.0,-0.7071067812,-0.7071067812
mirror,10,13,plastic,-8,92,0.4375,0.6470588235294118,51r,plastic:51,r,NW,315.0,-0.7071067812,0.7071067812
mirror,10,13,plastic,0,92,0.5,0.6470588235294118,2s,plastic:2,s,S,180.0,0.0,-1.0
mirror,10,13,plastic,8,92,0.5625,0.6470588235294118,51l,plastic:51,l,NE,45.0,0.7071067812,0.7071067812
mirror,10,13,plastic,16,92,0.625,0.6470588235294118,42r,plastic:42,r,SE,135.0,0.7071067812,-0.7071067812
mirror,10,13,plastic,32,92,0.75,0.6470588235294118,64s,plastic:64,s,SE,135.0,0.7071067812,-0.7071067812
mirror,10,13,plastic,48,92,0.875,0.6470588235294118,13l,plastic:13,l,E/SE,112.5,0.9238795325,-0.3826834324
mirror,10,13,plastic,64,92,1.0,0.6470588235294118,20r,plastic:20,r,E,90.0,1.0,0.0
mirror,10,13,plastic,-60,96,0.03125,0.6764705882352942,45l,plastic:45,l,W,270.0,-1.0,-0.0
mirror,10,13,plastic,-44,96,0.15625,0.6764705882352942,75s,plastic:75,s,S/SE,157.5,0.3826834324,-0.9238795325
mirror,10,13,plastic,-36,96,0.21875,0.6764705882352942,36r,plastic:36,r,E,90.0,1.0,0.0
mirror,10,13,plastic,-20,96,0.34375,0.6764705882352942,50r,plastic:50,r,NE,45.0,0.7071067812,0.7071067812
mirror,10,13,plastic,20,96,0.65625,0.6764705882352942,50l,plastic:50,l,NW,315.0,-0.7071067812,0.7071067812
mirror,10,13,plastic,36,96,0.78125,0.6764705882352942,36l,plastic:36,l,W,270.0,-1.0,-0.0
mirror,10,13,plastic,44,96,0.84375,0.6764705882352942,75s,plastic:75,s,S/SW,202.5,-0.3826834324,-0.9238795325
mirror,10,13,plastic,60,96,0.96875,0.6764705882352942,45r,plastic:45,r,E,90.0,1.0,0.0
mirror,10,13,plastic,-56,100,0.0625,0.7058823529411765,19l,plastic:19,l,S,180.0,0.0,-1.0
mirror,10,13,plastic,-24,100,0.3125,0.7058823529411765,11l,plastic:11,l,NE,45.0,0.7071067812,0.7071067812
mirror,10,13,plastic,-16,100,0.375,0.7058823529411765,74s,plastic:74,s,SW,225.0,-0.7071067812,-0.7071067812
mirror,10,13,plastic,-8,100,0.4375,0.7058823529411765,66s,plastic:66,s,E/SE,112.5,0.9238795325,-0.3826834324
mirror,10,13,plastic,8,100,0.5625,0.7058823529411765,66s,plastic:66,s,W/SW,247.5,-0.9238795325,-0.3826834324
mirror,10,13,plastic,16,100,0.625,0.7058823529411765,74s,plastic:74,s,SE,135.0,0.7071067812,-0.7071067812
mirror,10,13,plastic,24,100,0.6875,0.7058823529411765,11r,plastic:11,r,NW,315.0,-0.7071067812,0.7071067812
mirror,10,13,plastic,56,100,0.9375,0.7058823529411765,19r,plastic:19,r,S,180.0,0.0,-1.0
mirror,10,13,plastic,-36,104,0.21875,0.7352941176470589,27s,plastic:27,s,S,180.0,0.0,-1.0
mirror,10,13,plastic,36,104,0.78125,0.7352941176470589,27s,plastic:27,s,S,180.0,0.0,-1.0
mirror,10,13,plastic,-64,108,0.0,0.7647058823529411,1s,plastic:1,s,S,180.0,0.0,-1.0
mirror,10,13,plastic,-48,108,0.125,0.7647058823529411,43l,plastic:43,l,W/SW,247.5,-0.9238795325,-0.3826834324
mirror,10,13,plastic,-40,108,0.1875,0.7647058823529411,40l,plastic:40,l,NE,45.0,0.7071067812,0.7071067812
mirror,10,13,plastic,-24,108,0.3125,0.7647058823529411,18l,plastic:18,l,S/SW,202.5,-0.3826834324,-0.9238795325
mirror,10,13,plastic,-8,108,0.4375,0.7647058823529411,49l,plastic:49,l,W/NW,292.5,-0.9238795325,0.3826834324
mirror,10,13,plastic,0,108,0.5,0.7647058823529411,53s,plastic:53,s,S,180.0,0.0,-1.0
mirror,10,13,plastic,8,108,0.5625,0.7647058823529411,49r,plastic:49,r,E/NE,67.5,0.9238795325,0.3826834324
mirror,10,13,plastic,24,108,0.6875,0.7647058823529411,18r,plastic:18,r,S/SE,157.5,0.3826834324,-0.9238795325
mirror,10,13,plastic,40,108,0.8125,0.7647058823529411,40r,plastic:40,r,NW,315.0,-0.7071067812,0.7071067812
mirror,10,13,plastic,48,108,0.875,0.7647058823529411,43r,plastic:43,r,E/SE,112.5,0.9238795325,-0.3826834324
mirror,10,13,plastic,64,108,1.0,0.7647058823529411,1s,plastic:1,s,S,180.0,0.0,-1.0
mirror,10,13,plastic,-44,112,0.15625,0.7941176470588235,44l,plastic:44,l,E,90.0,1.0,0.0
mirror,10,13,plastic,-36,112,0.21875,0.7941176470588235,42l,plastic:42,l,SE,135.0,0.7071067812,-0.7071067812
mirror,10,13,plastic,-28,112,0.28125,0.7941176470588235,69s,plastic:69,s,S,180.0,0.0,-1.0
mirror,10,13,plastic,-20,112,0.34375,0.7941176470588235,48r,plastic:48,r,S,180.0,0.0,-1.0
mirror,10,13,plastic,20,112,0.65625,0.7941176470588235,48l,plastic:48,l,S,180.0,0.0,-1.0
mirror,10,13,plastic,28,112,0.71875,0.7941176470588235,69s,plastic:69,s,S,180.0,0.0,-1.0
mirror,10,13,plastic,36,112,0.78125,0.7941176470588235,42r,plastic:42,r,SW,225.0,-0.7071067812,-0.7071067812
mirror,10,13,plastic,44,112,0.84375,0.7941176470588235,44r,plastic:44,r,W,270.0,-1.0,-0.0
mirror,10,13,plastic,-56,116,0.0625,0.8235294117647058,15l,plastic:15,l,S,180.0,0.0,-1.0
mirror,10,13,plastic,-24,116,0.3125,0.8235294117647058,26l,plastic:26,l,S/SE,157.5,0.3826834324,-0.9238795325
mirror,10,13,plastic,-16,116,0.375,0.8235294117647058,41l,plastic:41,l,W/SW,247.5,-0.9238795325,-0.3826834324
mirror,10,13,plastic,-8,116,0.4375,0.8235294117647058,20r,plastic:20,r,E,90.0,1.0,0.0
mirror,10,13,plastic,8,116,0.5625,0.8235294117647058,20l,plastic:20,l,W,270.0,-1.0,-0.0
mirror,10,13,plastic,16,116,0.625,0.8235294117647058,41r,plastic:41,r,E/SE,112.5,0.9238795325,-0.3826834324
mirror,10,13,plastic,24,116,0.6875,0.8235294117647058,26r,plastic:26,r,S/SW,202.5,-0.3826834324,-0.9238795325
mirror,10,13,plastic,56,116,0.9375,0.8235294117647058,15r,plastic:15,r,S,180.0,0.0,-1.0
mirror,10,13,plastic,-60,120,0.03125,0.8529411764705882,72s,plastic:72,s,S,180.0,0.0,-1.0
mirror,10,13,plastic,-36,120,0.21875,0.8529411764705882,36l,plastic:36,l,W,270.0,-1.0,-0.0
mirror,10,13,plastic,36,120,0.78125,0.8529411764705882,36r,plastic:36,r,E,90.0,1.0,0.0
mirror,10,13,plastic,60,120,0.96875,0.8529411764705882,72s,plastic:72,s,S,180.0,0.0,-1.0
mirror,10,13,plastic,-64,124,0.0,0.8823529411764706,38l,plastic:38,l,S,180.0,0.0,-1.0
mirror,10,13,plastic,-48,124,0.125,0.8823529411764706,67s,plastic:67,s,SE,135.0,0.7071067812,-0.7071067812
mirror,10,13,plastic,-40,124,0.1875,0.8823529411764706,56s,plastic:56,s,S,180.0,0.0,-1.0
mirror,10,13,plastic,-32,124,0.25,0.8823529411764706,10r,plastic:10,r,SW,225.0,-0.7071067812,-0.7071067812
mirror,10,13,plastic,-24,124,0.3125,0.8823529411764706,71s,plastic:71,s,S/SE,157.5,0.3826834324,-0.9238795325
mirror,10,13,plastic,0,124,0.5,0.8823529411764706,70s,plastic:70,s,S,180.0,0.0,-1.0
mirror,10,13,plastic,24,124,0.6875,0.8823529411764706,71s,plastic:71,s,S/SW,202.5,-0.3826834324,-0.9238795325
mirror,10,13,plastic,32,124,0.75,0.8823529411764706,10l,plastic:10,l,SE,135.0,0.7071067812,-0.7071067812
mirror,10,13,plastic,40,124,0.8125,0.8823529411764706,56s,plastic:56,s,S,180.0,0.0,-1.0
mirror,10,13,plastic,48,124,0.875,0.8823529411764706,67s,plastic:67,s,SW,225.0,-0.7071067812,-0.7071067812
mirror,10,13,plastic,64,124,1.0,0.8823529411764706,38r,plastic:38,r,S,180.0,0.0,-1.0
mirror,10,13,plastic,-60,128,0.03125,0.9117647058823529,57s,plastic:57,s,NE,45.0,0.7071067812,0.7071067812
mirror,10,13,plastic,-28,128,0.28125,0.9117647058823529,44l,plastic:44,l,S,180.0,0.0,-1.0
mirror,10,13,plastic,-20,128,0.34375,0.9117647058823529,21r,plastic:21,r,SE,135.0,0.7071067812,-0.7071067812
mirror,10,13,plastic,-12,128,0.40625,0.9117647058823529,62s,plastic:62,s,S,180.0,0.0,-1.0
mirror,10,13,plastic,-4,128,0.46875,0.9117647058823529,25s,plastic:25,s,SW,225.0,-0.7071067812,-0.7071067812
mirror,10,13,plastic,4,128,0.53125,0.9117647058823529,25s,plastic:25,s,SE,135.0,0.7071067812,-0.7071067812
mirror,10,13,plastic,12,128,0.59375,0.9117647058823529,62s,plastic:62,s,S,180.0,0.0,-1.0
mirror,10,13,plastic,20,128,0.65625,0.9117647058823529,21l,plastic:21,l,SW,225.0,-0.7071067812,-0.7071067812
mirror,10,13,plastic,28,128,0.71875,0.9117647058823529,44r,plastic:44,r,S,180.0,0.0,-1.0
mirror,10,13,plastic,60,128,0.96875,0.9117647058823529,57s,plastic:57,s,SE,135.0,0.7071067812,-0.7071067812
mirror,10,13,plastic,-64,132,0.0,0.9411764705882353,32s,plastic:32,s,S,180.0,0.0,-1.0
mirror,10,13,plastic,-56,132,0.0625,0.9411764705882353,2s,plastic:2,s,S,180.0,0.0,-1.0
mirror,10,13,plastic,-48,132,0.125,0.9411764705882353,3s,plastic:3,s,E,90.0,1.0,0.0
mirror,10,13,plastic,-40,132,0.1875,0.9411764705882353,5s,plastic:5,s,S,180.0,0.0,-1.0
mirror,10,13,plastic,0,132,0.5,0.9411764705882353,72s,plastic:72,s,S,180.0,0.0,-1.0
mirror,10,13,plastic,40,132,0.8125,0.9411764705882353,5s,plastic:5,s,S,180.0,0.0,-1.0
mirror,10,13,plastic,48,132,0.875,0.9411764705882353,3s,plastic:3,s,E,90.0,1.0,0.0
mirror,10,13,plastic,56,132,0.9375,0.9411764705882353,2s,plastic:2,s,S,180.0,0.0,-1.0
mirror,10,13,plastic,64,132,1.0,0.9411764705882353,32s,plastic:32,s,S,180.0,0.0,-1.0
mirror,10,13,plastic,-36,136,0.21875,0.9705882352941176,21l,plastic:21,l,S,180.0,0.0,-1.0
mirror,10,13,plastic,-28,136,0.28125,0.9705882352941176,58s,plastic:58,s,E,90.0,1.0,0.0
mirror,10,13,plastic,-20,136,0.34375,0.9705882352941176,34l,plastic:34,l,SW,225.0,-0.7071067812,-0.7071067812
mirror,10,13,plastic,-4,136,0.46875,0.9705882352941176,73s,plastic:73,s,SW,225.0,-0.7071067812,-0.7071067812
mirror,10,13,plastic,4,136,0.53125,0.9705882352941176,73s,plastic:73,s,SE,135.0,0.7071067812,-0.7071067812
mirror,10,13,plastic,20,136,0.65625,0.9705882352941176,34r,plastic:34,r,SE,135.0,0.7071067812,-0.7071067812
mirror,10,13,plastic,28,136,0.71875,0.9705882352941176,58s,plastic:58,s,E,90.0,1.0,0.0
mirror,10,13,plastic,36,136,0.78125,0.9705882352941176,21r,plastic:21,r,S,180.0,0.0,-1.0
mirror,10,13,plastic,-64,140,0.0,1.0,76s,plastic:76,s,S,180.0,0.0,-1.0
mirror,10,13,plastic,-56,140,0.0625,1.0,63s,plastic:63,s,S/SW,202.5,-0.3826834324,-0.9238795325
mirror,10,13,plastic,-40,140,0.1875,1.0,24s,plastic:24,s,S,180.0,0.0,-1.0
mirror,10,13,plastic,-16,140,0.375,1.0,4s,plastic:4,s,S,180.0,0.0,-1.0
mirror,10,13,plastic,0,140,0.5,1.0,1s,plastic:1,s,S,180.0,0.0,-1.0
mirror,10,13,plastic,16,140,0.625,1.0,4s,plastic:4,s,S,180.0,0.0,-1.0
mirror,10,13,plastic,40,140,0.8125,1.0,24s,plastic:24,s,S,180.0,0.0,-1.0
mirror,10,13,plastic,56,140,0.9375,1.0,63s,plastic:63,s,S/SE,157.5,0.3826834324,-0.9238795325
mirror,10,13,plastic,64,140,1.0,1.0,76s,plastic:76,s,S,180.0,0.0,-1.0
spray,11,12,wood,-64,4,0.0,0.0,FT,wood:FT,none,S,180.0,0.0,-1.0
spray,11,12,wood,-48,4,0.125,0.0,FT,wood:FT,none,N,0.0,0.0,1.0
spray,11,12,wood,-32,4,0.25,0.0,FT,wood:FT,none,N,0.0,0.0,1.0
spray,11,12,wood,-16,4,0.375,0.0,FT,wood:FT,none,S,180.0,0.0,-1.0
spray,11,12,wood,8,4,0.5625,0.0,TDP,wood:TDP,none,N,0.0,0.0,1.0
spray,11,12,wood,16,4,0.625,0.0,FT,wood:FT,none,S,180.0,0.0,-1.0
spray,11,12,wood,32,4,0.75,0.0,FT,wood:FT,none,SE,135.0,0.7071067812,-0.7071067812
spray,11,12,wood,56,4,0.9375,0.0,FT,wood:FT,none,S,180.0,0.0,-1.0
spray,11,12,wood,-56,12,0.0625,0.058823529411764705,TDP,wood:TDP,none,N,0.0,0.0,1.0
spray,11,12,wood,-48,12,0.125,0.058823529411764705,FT,wood:FT,none,S,180.0,0.0,-1.0
spray,11,12,wood,-32,12,0.25,0.058823529411764705,FT,wood:FT,none,NE,45.0,0.7071067812,0.7071067812
spray,11,12,wood,-16,12,0.375,0.058823529411764705,TDP,wood:TDP,none,N,0.0,0.0,1.0
spray,11,12,wood,0,12,0.5,0.058823529411764705,CBL,wood:CBL,none,N,0.0,0.0,1.0
spray,11,12,wood,16,12,0.625,0.058823529411764705,FT,wood:FT,none,NW,315.0,-0.7071067812,0.7071067812
spray,11,12,wood,48,12,0.875,0.058823529411764705,FT,wood:FT,none,NE,45.0,0.7071067812,0.7071067812
spray,11,12,wood,56,12,0.9375,0.058823529411764705,FT,wood:FT,none,NW,315.0,-0.7071067812,0.7071067812
spray,11,12,wood,-64,20,0.0,0.11764705882352941,FT,wood:FT,none,N,0.0,0.0,1.0
spray,11,12,wood,-56,20,0.0625,0.11764705882352941,FT,wood:FT,none,S,180.0,0.0,-1.0
spray,11,12,wood,-40,20,0.1875,0.11764705882352941,FT,wood:FT,none,N,0.0,0.0,1.0
spray,11,12,wood,-32,20,0.25,0.11764705882352941,FT,wood:FT,none,S,180.0,0.0,-1.0
spray,11,12,wood,-8,20,0.4375,0.11764705882352941,FT,wood:FT,none,N,0.0,0.0,1.0
spray,11,12,wood,8,20,0.5625,0.11764705882352941,FT,wood:FT,none,NW,315.0,-0.7071067812,0.7071067812
spray,11,12,wood,24,20,0.6875,0.11764705882352941,TDP,wood:TDP,none,N,0.0,0.0,1.0
spray,11,12,wood,40,20,0.8125,0.11764705882352941,TDP,wood:TDP,none,NW,315.0,-0.7071067812,0.7071067812
spray,11,12,wood,64,20,1.0,0.11764705882352941,FT,wood:FT,none,N,0.0,0.0,1.0
spray,11,12,wood,-44,24,0.15625,0.14705882352941177,FT,wood:FT,none,NW,315.0,-0.7071067812,0.7071067812
spray,11,12,wood,36,24,0.78125,0.14705882352941177,FT,wood:FT,none,W,270.0,-1.0,-0.0
spray,11,12,wood,52,24,0.90625,0.14705882352941177,FT,wood:FT,none,E,90.0,1.0,0.0
spray,11,12,wood,-56,28,0.0625,0.17647058823529413,CBI,wood:CBI,none,NE,45.0,0.7071067812,0.7071067812
spray,11,12,wood,-24,28,0.3125,0.17647058823529413,FT,wood:FT,none,N,0.0,0.0,1.0
spray,11,12,wood,0,28,0.5,0.17647058823529413,FT,wood:FT,none,N,0.0,0.0,1.0
spray,11,12,wood,16,28,0.625,0.17647058823529413,FT,wood:FT,none,S,180.0,0.0,-1.0
spray,11,12,wood,48,28,0.875,0.17647058823529413,FT,wood:FT,none,N,0.0,0.0,1.0
spray,11,12,wood,56,28,0.9375,0.17647058823529413,FT,wood:FT,none,SE,135.0,0.7071067812,-0.7071067812
spray,11,12,wood,64,28,1.0,0.17647058823529413,CBI,wood:CBI,none,NW,315.0,-0.7071067812,0.7071067812
spray,11,12,wood,-52,32,0.09375,0.20588235294117646,CBI,wood:CBI,none,N,0.0,0.0,1.0
spray,11,12,wood,28,32,0.71875,0.20588235294117646,CBI,wood:CBI,none,NE,45.0,0.7071067812,0.7071067812
spray,11,12,wood,36,32,0.78125,0.20588235294117646,FT,wood:FT,none,NE,45.0,0.7071067812,0.7071067812
spray,11,12,wood,-64,36,0.0,0.23529411764705882,FT,wood:FT,none,N,0.0,0.0,1.0
spray,11,12,wood,-48,36,0.125,0.23529411764705882,CGB,wood:CGB,none,NE,45.0,0.7071067812,0.7071067812
spray,11,12,wood,-40,36,0.1875,0.23529411764705882,UCM,wood:UCM,none,N,0.0,0.0,1.0
spray,11,12,wood,-32,36,0.25,0.23529411764705882,20D,wood:20D,none,SW,225.0,-0.7071067812,-0.7071067812
spray,11,12,wood,-24,36,0.3125,0.23529411764705882,TDP,wood:TDP,none,N,0.0,0.0,1.0
spray,11,12,wood,-16,36,0.375,0.23529411764705882,20D,wood:20D,none,SE,135.0,0.7071067812,-0.7071067812
spray,11,12,wood,0,36,0.5,0.23529411764705882,DEP,wood:DEP,none,N,0.0,0.0,1.0
spray,11,12,wood,16,36,0.625,0.23529411764705882,DEP,wood:DEP,none,N/NE,22.5,0.3826834324,0.9238795325
spray,11,12,wood,40,36,0.8125,0.23529411764705882,FT,wood:FT,none,N,0.0,0.0,1.0
spray,11,12,wood,48,36,0.875,0.23529411764705882,CWR,wood:CW,r,NW,315.0,-0.7071067812,0.7071067812
spray,11,12,wood,64,36,1.0,0.23529411764705882,FT,wood:FT,none,NW,315.0,-0.7071067812,0.7071067812
spray,11,12,wood,-60,40,0.03125,0.2647058823529412,UCM,wood:UCM,none,S,180.0,0.0,-1.0
spray,11,12,wood,-4,40,0.46875,0.2647058823529412,MFB,wood:MFB,none,S/SE,157.5,0.3826834324,-0.9238795325
spray,11,12,wood,12,40,0.59375,0.2647058823529412,30D,wood:30D,none,W,270.0,-1.0,-0.0
spray,11,12,wood,28,40,0.71875,0.2647058823529412,30D,wood:30D,none,E,90.0,1.0,0.0
spray,11,12,wood,36,40,0.78125,0.2647058823529412,UCM,wood:UCM,none,N,0.0,0.0,1.0
spray,11,12,wood,60,40,0.96875,0.2647058823529412,FBW,wood:FBW,none,N,0.0,0.0,1.0
spray,11,12,wood,-40,44,0.1875,0.29411764705882354,MFB,wood:MFB,none,N/NE,22.5,0.3826834324,0.9238795325
spray,11,12,wood,-16,44,0.375,0.29411764705882354,MFB,wood:MFB,none,NW,315.0,-0.7071067812,0.7071067812
spray,11,12,wood,8,44,0.5625,0.29411764705882354,DLC,wood:DLC,none,W/NW,292.5,-0.9238795325,0.3826834324
spray,11,12,wood,32,44,0.75,0.29411764705882354,30D,wood:30D,none,NE,45.0,0.7071067812,0.7071067812
spray,11,12,wood,-60,48,0.03125,0.3235294117647059,CBI,wood:CBI,none,N,0.0,0.0,1.0
spray,11,12,wood,-44,48,0.15625,0.3235294117647059,FT,wood:FT,none,N,0.0,0.0,1.0
spray,11,12,wood,-28,48,0.28125,0.3235294117647059,DLI,wood:DLI,none,NW,315.0,-0.7071067812,0.7071067812
spray,11,12,wood,-12,48,0.40625,0.3235294117647059,SHL,wood:SHL,none,N,0.0,0.0,1.0
spray,11,12,wood,-4,48,0.46875,0.3235294117647059,CGP,wood:CGP,none,W/NW,292.5,-0.9238795325,0.3826834324
spray,11,12,wood,12,48,0.59375,0.3235294117647059,MFB,wood:MFB,none,NE,45.0,0.7071067812,0.7071067812
spray,11,12,wood,20,48,0.65625,0.3235294117647059,DEP,wood:DEP,none,N,0.0,0.0,1.0
spray,11,12,wood,28,48,0.71875,0.3235294117647059,SHLP,wood:SHLP,none,N,0.0,0.0,1.0
spray,11,12,wood,44,48,0.84375,0.3235294117647059,SKT,wood:SKT,none,N,0.0,0.0,1.0
spray,11,12,wood,60,48,0.96875,0.3235294117647059,UCM,wood:UCM,none,S,180.0,0.0,-1.0
spray,11,12,wood,-64,52,0.0,0.35294117647058826,FBW,wood:FBW,none,N,0.0,0.0,1.0
spray,11,12,wood,-56,52,0.0625,0.35294117647058826,WGL,wood:WG,l,N/NW,337.5,-0.3826834324,0.9238795325
spray,11,12,wood,-40,52,0.1875,0.35294117647058826,DLC,wood:DLC,none,N,0.0,0.0,1.0
spray,11,12,wood,-24,52,0.3125,0.35294117647058826,20D,wood:20D,none,N,0.0,0.0,1.0
spray,11,12,wood,-8,52,0.4375,0.35294117647058826,FB,wood:FB,none,NE,45.0,0.7071067812,0.7071067812
spray,11,12,wood,32,52,0.75,0.35294117647058826,DEP,wood:DEP,none,N/NE,22.5,0.3826834324,0.9238795325
spray,11,12,wood,40,52,0.8125,0.35294117647058826,MFB,wood:MFB,none,NW,315.0,-0.7071067812,0.7071067812
spray,11,12,wood,48,52,0.875,0.35294117647058826,WGR,wood:WG,r,SE,135.0,0.7071067812,-0.7071067812
spray,11,12,wood,64,52,1.0,0.35294117647058826,CGP,wood:CGP,none,NW,315.0,-0.7071067812,0.7071067812
spray,11,12,wood,-28,56,0.28125,0.38235294117647056,15M,wood:15M,none,N,0.0,0.0,1.0
spray,11,12,wood,-20,56,0.34375,0.38235294117647056,TDP,wood:TDP,none,NE,45.0,0.7071067812,0.7071067812
spray,11,12,wood,-12,56,0.40625,0.38235294117647056,CGB,wood:CGB,none,N,0.0,0.0,1.0
spray,11,12,wood,4,56,0.53125,0.38235294117647056,DLI,wood:DLI,none,N,0.0,0.0,1.0
spray,11,12,wood,12,56,0.59375,0.38235294117647056,CGP,wood:CGP,none,NE,45.0,0.7071067812,0.7071067812
spray,11,12,wood,20,56,0.65625,0.38235294117647056,SHLP,wood:SHLP,none,NW,315.0,-0.7071067812,0.7071067812
spray,11,12,wood,28,56,0.71875,0.38235294117647056,DLC,wood:DLC,none,N/NW,337.5,-0.3826834324,0.9238795325
spray,11,12,wood,44,56,0.84375,0.38235294117647056,DLI,wood:DLI,none,NE,45.0,0.7071067812,0.7071067812
spray,11,12,wood,60,56,0.96875,0.38235294117647056,CWR,wood:CW,r,NW,315.0,-0.7071067812,0.7071067812
spray,11,12,wood,-48,60,0.125,0.4117647058823529,SHLM,wood:SHLM,none,NE,45.0,0.7071067812,0.7071067812
spray,11,12,wood,-40,60,0.1875,0.4117647058823529,UCM,wood:UCM,none,NE,45.0,0.7071067812,0.7071067812
spray,11,12,wood,-32,60,0.25,0.4117647058823529,SHL,wood:SHL,none,N,0.0,0.0,1.0
spray,11,12,wood,-24,60,0.3125,0.4117647058823529,DWR,wood:DW,r,NW,315.0,-0.7071067812,0.7071067812
spray,11,12,wood,0,60,0.5,0.4117647058823529,FBW,wood:FBW,none,S,180.0,0.0,-1.0
spray,11,12,wood,16,60,0.625,0.4117647058823529,FB,wood:FB,none,NW,315.0,-0.7071067812,0.7071067812
spray,11,12,wood,40,60,0.8125,0.4117647058823529,CBI,wood:CBI,none,NE,45.0,0.7071067812,0.7071067812
spray,11,12,wood,-60,64,0.03125,0.4411764705882353,TDP,wood:TDP,none,N,0.0,0.0,1.0
spray,11,12,wood,-52,64,0.09375,0.4411764705882353,DLI,wood:DLI,none,NW,315.0,-0.7071067812,0.7071067812
spray,11,12,wood,-12,64,0.40625,0.4411764705882353,DEP,wood:DEP,none,N/NW,337.5,-0.3826834324,0.9238795325
spray,11,12,wood,-4,64,0.46875,0.4411764705882353,TDP,wood:TDP,none,E,90.0,1.0,0.0
spray,11,12,wood,20,64,0.65625,0.4411764705882353,SHL,wood:SHL,none,N,0.0,0.0,1.0
spray,11,12,wood,44,64,0.84375,0.4411764705882353,FT,wood:FT,none,N,0.0,0.0,1.0
spray,11,12,wood,52,64,0.90625,0.4411764705882353,CWL,wood:CW,l,N/NE,22.5,0.3826834324,0.9238795325
spray,11,12,wood,60,64,0.96875,0.4411764705882353,FT,wood:FT,none,NW,315.0,-0.7071067812,0.7071067812
spray,11,12,wood,-56,68,0.0625,0.47058823529411764,HRG,wood:HRG,none,NE,45.0,0.7071067812,0.7071067812
spray,11,12,wood,-16,68,0.375,0.47058823529411764,SRP,wood:SRP,none,N/NE,22.5,0.3826834324,0.9238795325
spray,11,12,wood,8,68,0.5625,0.47058823529411764,KFCR,wood:KFC,r,SE,135.0,0.7071067812,-0.7071067812
spray,11,12,wood,16,68,0.625,0.47058823529411764,CGB,wood:CGB,none,N,0.0,0.0,1.0
spray,11,12,wood,32,68,0.75,0.47058823529411764,FB,wood:FB,none,N,0.0,0.0,1.0
spray,11,12,wood,64,68,1.0,0.47058823529411764,CWL,wood:CW,l,E,90.0,1.0,0.0
spray,11,12,wood,-44,72,0.15625,0.5,SHL,wood:SHL,none,N,0.0,0.0,1.0
spray,11,12,wood,-20,72,0.34375,0.5,DLI,wood:DLI,none,N/NE,22.5,0.3826834324,0.9238795325
spray,11,12,wood,-12,72,0.40625,0.5,30D,wood:30D,none,N,0.0,0.0,1.0
spray,11,12,wood,12,72,0.59375,0.5,DWL,wood:DW,l,NE,45.0,0.7071067812,0.7071067812
spray,11,12,wood,28,72,0.71875,0.5,DWL,wood:DW,l,NW,315.0,-0.7071067812,0.7071067812
spray,11,12,wood,36,72,0.78125,0.5,DLC,wood:DLC,none,N,0.0,0.0,1.0
spray,11,12,wood,60,72,0.96875,0.5,FLM,wood:FLM,none,N,0.0,0.0,1.0
spray,11,12,wood,-64,76,0.0,0.5294117647058824,FLM,wood:FLM,none,N,0.0,0.0,1.0
spray,11,12,wood,-56,76,0.0625,0.5294117647058824,CWL,wood:CW,l,NE,45.0,0.7071067812,0.7071067812
spray,11,12,wood,-40,76,0.1875,0.5294117647058824,FBW,wood:FBW,none,NE,45.0,0.7071067812,0.7071067812
spray,11,12,wood,-24,76,0.3125,0.5294117647058824,DEP,wood:DEP,none,N,0.0,0.0,1.0
spray,11,12,wood,-8,76,0.4375,0.5294117647058824,DWR,wood:DW,r,W/NW,292.5,-0.9238795325,0.3826834324
spray,11,12,wood,24,76,0.6875,0.5294117647058824,SHLM,wood:SHLM,none,N/NE,22.5,0.3826834324,0.9238795325
spray,11,12,wood,48,76,0.875,0.5294117647058824,SHL,wood:SHL,none,N,0.0,0.0,1.0
spray,11,12,wood,56,76,0.9375,0.5294117647058824,30D,wood:30D,none,NW,315.0,-0.7071067812,0.7071067812
spray,11,12,wood,-52,80,0.09375,0.5588235294117647,CGB,wood:CGB,none,N,0.0,0.0,1.0
spray,11,12,wood,-36,80,0.21875,0.5588235294117647,SRP,wood:SRP,none,NW,315.0,-0.7071067812,0.7071067812
spray,11,12,wood,-28,80,0.28125,0.5588235294117647,SHLM,wood:SHLM,none,N,0.0,0.0,1.0
spray,11,12,wood,4,80,0.53125,0.5588235294117647,SHL,wood:SHL,none,NW,315.0,-0.7071067812,0.7071067812
spray,11,12,wood,12,80,0.59375,0.5588235294117647,SRP,wood:SRP,none,NW,315.0,-0.7071067812,0.7071067812
spray,11,12,wood,36,80,0.78125,0.5588235294117647,DEP,wood:DEP,none,NE,45.0,0.7071067812,0.7071067812
spray,11,12,wood,52,80,0.90625,0.5588235294117647,CBI,wood:CBI,none,N,0.0,0.0,1.0
spray,11,12,wood,60,80,0.96875,0.5588235294117647,SKT,wood:SKT,none,N,0.0,0.0,1.0
spray,11,12,wood,-64,84,0.0,0.5882352941176471,WGR,wood:WG,r,NE,45.0,0.7071067812,0.7071067812
spray,11,12,wood,-24,84,0.3125,0.5882352941176471,FB,wood:FB,none,N/NW,337.5,-0.3826834324,0.9238795325
spray,11,12,wood,0,84,0.5,0.5882352941176471,FB,wood:FB,none,N,0.0,0.0,1.0
spray,11,12,wood,16,84,0.625,0.5882352941176471,SHL,wood:SHL,none,N,0.0,0.0,1.0
spray,11,12,wood,24,84,0.6875,0.5882352941176471,DLC,wood:DLC,none,E/NE,67.5,0.9238795325,0.3826834324
spray,11,12,wood,32,84,0.75,0.5882352941176471,CGP,wood:CGP,none,E/NE,67.5,0.9238795325,0.3826834324
spray,11,12,wood,40,84,0.8125,0.5882352941176471,SHLP,wood:SHLP,none,NW,315.0,-0.7071067812,0.7071067812
spray,11,12,wood,-60,88,0.03125,0.6176470588235294,DEP,wood:DEP,none,NW,315.0,-0.7071067812,0.7071067812
spray,11,12,wood,-36,88,0.21875,0.6176470588235294,DLC,wood:DLC,none,W,270.0,-1.0,-0.0
spray,11,12,wood,-28,88,0.28125,0.6176470588235294,UCM,wood:UCM,none,W/NW,292.5,-0.9238795325,0.3826834324
spray,11,12,wood,-20,88,0.34375,0.6176470588235294,CGB,wood:CGB,none,N,0.0,0.0,1.0
spray,11,12,wood,-12,88,0.40625,0.6176470588235294,CBL,wood:CBL,none,N/NW,337.5,-0.3826834324,0.9238795325
spray,11,12,wood,-4,88,0.46875,0.6176470588235294,BNP,wood:BNP,none,NE,45.0,0.7071067812,0.7071067812
spray,11,12,wood,44,88,0.84375,0.6176470588235294,TDP,wood:TDP,none,NW,315.0,-0.7071067812,0.7071067812
spray,11,12,wood,60,88,0.96875,0.6176470588235294,DLI,wood:DLI,none,N,0.0,0.0,1.0
spray,11,12,wood,-48,92,0.125,0.6470588235294118,30D,wood:30D,none,N,0.0,0.0,1.0
spray,11,12,wood,-40,92,0.1875,0.6470588235294118,KFCL,wood:KFC,l,S/SW,202.5,-0.3826834324,-0.9238795325
spray,11,12,wood,8,92,0.5625,0.6470588235294118,CGB,wood:CGB,none,NW,315.0,-0.7071067812,0.7071067812
spray,11,12,wood,16,92,0.625,0.6470588235294118,TDP,wood:TDP,none,N/NW,337.5,-0.3826834324,0.9238795325
spray,11,12,wood,32,92,0.75,0.6470588235294118,SHL,wood:SHL,none,N,0.0,0.0,1.0
spray,11,12,wood,48,92,0.875,0.6470588235294118,SHLM,wood:SHLM,none,N,0.0,0.0,1.0
spray,11,12,wood,56,92,0.9375,0.6470588235294118,BNP,wood:BNP,none,NE,45.0,0.7071067812,0.7071067812
spray,11,12,wood,64,92,1.0,0.6470588235294118,30D,wood:30D,none,N/NW,337.5,-0.3826834324,0.9238795325
spray,11,12,wood,-60,96,0.03125,0.6764705882352942,WGL,wood:WG,l,W,270.0,-1.0,-0.0
spray,11,12,wood,-36,96,0.21875,0.6764705882352942,CGB,wood:CGB,none,NW,315.0,-0.7071067812,0.7071067812
spray,11,12,wood,-28,96,0.28125,0.6764705882352942,FT,wood:FT,none,NE,45.0,0.7071067812,0.7071067812
spray,11,12,wood,-20,96,0.34375,0.6764705882352942,CBI,wood:CBI,none,N/NE,22.5,0.3826834324,0.9238795325
spray,11,12,wood,-4,96,0.46875,0.6764705882352942,DLI,wood:DLI,none,NE,45.0,0.7071067812,0.7071067812
spray,11,12,wood,4,96,0.53125,0.6764705882352942,KFCL,wood:KFC,l,N,0.0,0.0,1.0
spray,11,12,wood,36,96,0.78125,0.6764705882352942,CGB,wood:CGB,none,N,0.0,0.0,1.0
spray,11,12,wood,-64,100,0.0,0.7058823529411765,BNP,wood:BNP,none,NW,315.0,-0.7071067812,0.7071067812
spray,11,12,wood,-56,100,0.0625,0.7058823529411765,SKT,wood:SKT,none,N,0.0,0.0,1.0
spray,11,12,wood,-48,100,0.125,0.7058823529411765,DEP,wood:DEP,none,N,0.0,0.0,1.0
spray,11,12,wood,-40,100,0.1875,0.7058823529411765,FB,wood:FB,none,N/NE,22.5,0.3826834324,0.9238795325
spray,11,12,wood,-24,100,0.3125,0.7058823529411765,DLI,wood:DLI,none,N,0.0,0.0,1.0
spray,11,12,wood,-16,100,0.375,0.7058823529411765,DEP,wood:DEP,none,N,0.0,0.0,1.0
spray,11,12,wood,16,100,0.625,0.7058823529411765,FB,wood:FB,none,N/NW,337.5,-0.3826834324,0.9238795325
spray,11,12,wood,24,100,0.6875,0.7058823529411765,DWR,wood:DW,r,NW,315.0,-0.7071067812,0.7071067812
spray,11,12,wood,40,100,0.8125,0.7058823529411765,CBL,wood:CBL,none,NE,45.0,0.7071067812,0.7071067812
spray,11,12,wood,56,100,0.9375,0.7058823529411765,SKT,wood:SKT,none,N/NW,337.5,-0.3826834324,0.9238795325
spray,11,12,wood,-52,104,0.09375,0.7352941176470589,CGP,wood:CGP,none,NE,45.0,0.7071067812,0.7071067812
spray,11,12,wood,-28,104,0.28125,0.7352941176470589,BNP,wood:BNP,none,NW,315.0,-0.7071067812,0.7071067812
spray,11,12,wood,-12,104,0.40625,0.7352941176470589,KFCR,wood:KFC,r,N/NE,22.5,0.3826834324,0.9238795325
spray,11,12,wood,4,104,0.53125,0.7352941176470589,CBL,wood:CBL,none,NE,45.0,0.7071067812,0.7071067812
spray,11,12,wood,12,104,0.59375,0.7352941176470589,DEP,wood:DEP,none,N,0.0,0.0,1.0
spray,11,12,wood,60,104,0.96875,0.7352941176470589,30D,wood:30D,none,NE,45.0,0.7071067812,0.7071067812
spray,11,12,wood,-48,108,0.125,0.7647058823529411,TDP,wood:TDP,none,NW,315.0,-0.7071067812,0.7071067812
spray,11,12,wood,-32,108,0.25,0.7647058823529411,CBL,wood:CBL,none,N,0.0,0.0,1.0
spray,11,12,wood,-8,108,0.4375,0.7647058823529411,DWL,wood:DW,l,E/NE,67.5,0.9238795325,0.3826834324
spray,11,12,wood,0,108,0.5,0.7647058823529411,SKT,wood:SKT,none,N,0.0,0.0,1.0
spray,11,12,wood,16,108,0.625,0.7647058823529411,SHL,wood:SHL,none,NE,45.0,0.7071067812,0.7071067812
spray,11,12,wood,24,108,0.6875,0.7647058823529411,CBL,wood:CBL,none,N,0.0,0.0,1.0
spray,11,12,wood,32,108,0.75,0.7647058823529411,CBI,wood:CBI,none,N/NE,22.5,0.3826834324,0.9238795325
spray,11,12,wood,40,108,0.8125,0.7647058823529411,20D,wood:20D,none,N/NW,337.5,-0.3826834324,0.9238795325
spray,11,12,wood,48,108,0.875,0.7647058823529411,CWR,wood:CW,r,NW,315.0,-0.7071067812,0.7071067812
spray,11,12,wood,56,108,0.9375,0.7647058823529411,DLI,wood:DLI,none,NE,45.0,0.7071067812,0.7071067812
spray,11,12,wood,64,108,1.0,0.7647058823529411,HRG,wood:HRG,none,W/NW,292.5,-0.9238795325,0.3826834324
spray,11,12,wood,-52,112,0.09375,0.7941176470588235,CBI,wood:CBI,none,N,0.0,0.0,1.0
spray,11,12,wood,-28,112,0.28125,0.7941176470588235,SHLP,wood:SHLP,none,NW,315.0,-0.7071067812,0.7071067812
spray,11,12,wood,-20,112,0.34375,0.7941176470588235,SHL,wood:SHL,none,N,0.0,0.0,1.0
spray,11,12,wood,-12,112,0.40625,0.7941176470588235,CGP,wood:CGP,none,NE,45.0,0.7071067812,0.7071067812
spray,11,12,wood,4,112,0.53125,0.7941176470588235,20D,wood:20D,none,NE,45.0,0.7071067812,0.7071067812
spray,11,12,wood,20,112,0.65625,0.7941176470588235,SKT,wood:SKT,none,N/NW,337.5,-0.3826834324,0.9238795325
spray,11,12,wood,36,112,0.78125,0.7941176470588235,SRP,wood:SRP,none,NE,45.0,0.7071067812,0.7071067812
spray,11,12,wood,-48,116,0.125,0.8235294117647058,FBW,wood:FBW,none,NE,45.0,0.7071067812,0.7071067812
spray,11,12,wood,-40,116,0.1875,0.8235294117647058,FB,wood:FB,none,N,0.0,0.0,1.0
spray,11,12,wood,-32,116,0.25,0.8235294117647058,DLI,wood:DLI,none,N/NW,337.5,-0.3826834324,0.9238795325
spray,11,12,wood,-16,116,0.375,0.8235294117647058,15M,wood:15M,none,N,0.0,0.0,1.0
spray,11,12,wood,0,116,0.5,0.8235294117647058,20D,wood:20D,none,N,0.0,0.0,1.0
spray,11,12,wood,32,116,0.75,0.8235294117647058,DEP,wood:DEP,none,NW,315.0,-0.7071067812,0.7071067812
spray,11,12,wood,56,116,0.9375,0.8235294117647058,FBW,wood:FBW,none,N,0.0,0.0,1.0
spray,11,12,wood,-60,120,0.03125,0.8529411764705882,SHLP,wood:SHLP,none,NE,45.0,0.7071067812,0.7071067812
spray,11,12,wood,-20,120,0.34375,0.8529411764705882,DLI,wood:DLI,none,N,0.0,0.0,1.0
spray,11,12,wood,12,120,0.59375,0.8529411764705882,BNP,wood:BNP,none,NE,45.0,0.7071067812,0.7071067812
spray,11,12,wood,36,120,0.78125,0.8529411764705882,15D,wood:15D,none,N,0.0,0.0,1.0
spray,11,12,wood,44,120,0.84375,0.8529411764705882,DLI,wood:DLI,none,N,0.0,0.0,1.0
spray,11,12,wood,60,120,0.96875,0.8529411764705882,DLI,wood:DLI,none,N,0.0,0.0,1.0
spray,11,12,wood,-48,124,0.125,0.8823529411764706,CBI,wood:CBI,none,NW,315.0,-0.7071067812,0.7071067812
spray,11,12,wood,-32,124,0.25,0.8823529411764706,15D,wood:15D,none,N,0.0,0.0,1.0
spray,11,12,wood,-16,124,0.375,0.8823529411764706,FB,wood:FB,none,N,0.0,0.0,1.0
spray,11,12,wood,-8,124,0.4375,0.8823529411764706,CGP,wood:CGP,none,W/NW,292.5,-0.9238795325,0.3826834324
spray,11,12,wood,16,124,0.625,0.8823529411764706,DLI,wood:DLI,none,N/NW,337.5,-0.3826834324,0.9238795325
spray,11,12,wood,32,124,0.75,0.8823529411764706,BNP,wood:BNP,none,NW,315.0,-0.7071067812,0.7071067812
spray,11,12,wood,48,124,0.875,0.8823529411764706,SHLP,wood:SHLP,none,NW,315.0,-0.7071067812,0.7071067812
spray,11,12,wood,56,124,0.9375,0.8823529411764706,15D,wood:15D,none,NW,315.0,-0.7071067812,0.7071067812
spray,11,12,wood,-60,128,0.03125,0.9117647058823529,FB,wood:FB,none,N,0.0,0.0,1.0
spray,11,12,wood,-36,128,0.21875,0.9117647058823529,BNP,wood:BNP,none,NE,45.0,0.7071067812,0.7071067812
spray,11,12,wood,-20,128,0.34375,0.9117647058823529,30D,wood:30D,none,W/NW,292.5,-0.9238795325,0.3826834324
spray,11,12,wood,4,128,0.53125,0.9117647058823529,HRG,wood:HRG,none,E/NE,67.5,0.9238795325,0.3826834324
spray,11,12,wood,28,128,0.71875,0.9117647058823529,KFCL,wood:KFC,l,N/NW,337.5,-0.3826834324,0.9238795325
spray,11,12,wood,36,128,0.78125,0.9117647058823529,FB,wood:FB,none,N,0.0,0.0,1.0
spray,11,12,wood,-64,132,0.0,0.9411764705882353,20D,wood:20D,none,N,0.0,0.0,1.0
spray,11,12,wood,-48,132,0.125,0.9411764705882353,15D,wood:15D,none,N,0.0,0.0,1.0
spray,11,12,wood,-24,132,0.3125,0.9411764705882353,TDP,wood:TDP,none,N,0.0,0.0,1.0
spray,11,12,wood,-16,132,0.375,0.9411764705882353,KFCR,wood:KFC,r,N,0.0,0.0,1.0
spray,11,12,wood,-8,132,0.4375,0.9411764705882353,CBI,wood:CBI,none,N/NW,337.5,-0.3826834324,0.9238795325
spray,11,12,wood,0,132,0.5,0.9411764705882353,CBL,wood:CBL,none,N,0.0,0.0,1.0
spray,11,12,wood,24,132,0.6875,0.9411764705882353,TDP,wood:TDP,none,N,0.0,0.0,1.0
spray,11,12,wood,32,132,0.75,0.9411764705882353,CGP,wood:CGP,none,W/NW,292.5,-0.9238795325,0.3826834324
spray,11,12,wood,56,132,0.9375,0.9411764705882353,20D,wood:20D,none,N,0.0,0.0,1.0
spray,11,12,wood,-36,136,0.21875,0.9705882352941176,HRG,wood:HRG,none,E/NE,67.5,0.9238795325,0.3826834324
spray,11,12,wood,-20,136,0.34375,0.9705882352941176,BNP,wood:BNP,none,NW,315.0,-0.7071067812,0.7071067812
spray,11,12,wood,36,136,0.78125,0.9705882352941176,CBL,wood:CBL,none,N/NW,337.5,-0.3826834324,0.9238795325
spray,11,12,wood,-56,140,0.0625,1.0,CBI,wood:CBI,none,N,0.0,0.0,1.0
spray,11,12,wood,-40,140,0.1875,1.0,FB,wood:FB,none,N,0.0,0.0,1.0
spray,11,12,wood,-32,140,0.25,1.0,BNP,wood:BNP,none,N/NE,22.5,0.3826834324,0.9238795325
spray,11,12,wood,-8,140,0.4375,1.0,CBI,wood:CBI,none,N,0.0,0.0,1.0
spray,11,12,wood,8,140,0.5625,1.0,FB,wood:FB,none,N,0.0,0.0,1.0
spray,11,12,wood,16,140,0.625,1.0,BNP,wood:BNP,none,N/NW,337.5,-0.3826834324,0.9238795325
spray,11,12,wood,32,140,0.75,1.0,30D,wood:30D,none,N,0.0,0.0,1.0
spray,11,12,wood,48,140,0.875,1.0,FB,wood:FB,none,N,0.0,0.0,1.0
spray,11,13,plastic,-56,4,0.0625,0.0,9l,plastic:9,l,S,180.0,0.0,-1.0
spray,11,13,plastic,-40,4,0.1875,0.0,61s,plastic:61,s,S,180.0,0.0,-1.0
spray,11,13,plastic,-24,4,0.3125,0.0,7s,plastic:7,s,S,180.0,0.0,-1.0
spray,11,13,plastic,-8,4,0.4375,0.0,77s,plastic:77,s,S,180.0,0.0,-1.0
spray,11,13,plastic,0,4,0.5,0.0,6s,plastic:6,s,S,180.0,0.0,-1.0
spray,11,13,plastic,24,4,0.6875,0.0,7s,plastic:7,s,S,180.0,0.0,-1.0
spray,11,13,plastic,40,4,0.8125,0.0,61s,plastic:61,s,S,180.0,0.0,-1.0
spray,11,13,plastic,48,4,0.875,0.0,9r,plastic:9,r,S,180.0,0.0,-1.0
spray,11,13,plastic,64,4,1.0,0.0,61s,plastic:61,s,SW,225.0,-0.7071067812,-0.7071067812
spray,11,13,plastic,-28,8,0.28125,0.029411764705882353,74s,plastic:74,s,SW,225.0,-0.7071067812,-0.7071067812
spray,11,13,plastic,-64,12,0.0,0.058823529411764705,61s,plastic:61,s,SE,135.0,0.7071067812,-0.7071067812
spray,11,13,plastic,-40,12,0.1875,0.058823529411764705,7s,plastic:7,s,SW,225.0,-0.7071067812,-0.7071067812
spray,11,13,plastic,-24,12,0.3125,0.058823529411764705,61s,plastic:61,s,S,180.0,0.0,-1.0
spray,11,13,plastic,-8,12,0.4375,0.058823529411764705,74s,plastic:74,s,S,180.0,0.0,-1.0
spray,11,13,plastic,8,12,0.5625,0.058823529411764705,74s,plastic:74,s,S,180.0,0.0,-1.0
spray,11,13,plastic,24,12,0.6875,0.058823529411764705,61s,plastic:61,s,E,90.0,1.0,0.0
spray,11,13,plastic,32,12,0.75,0.058823529411764705,8s,plastic:8,s,S,180.0,0.0,-1.0
spray,11,13,plastic,40,12,0.8125,0.058823529411764705,7s,plastic:7,s,S,180.0,0.0,-1.0
spray,11,13,plastic,64,12,1.0,0.058823529411764705,61s,plastic:61,s,SE,135.0,0.7071067812,-0.7071067812
spray,11,13,plastic,-44,16,0.15625,0.08823529411764706,74s,plastic:74,s,SW,225.0,-0.7071067812,-0.7071067812
spray,11,13,plastic,-48,20,0.125,0.11764705882352941,35r,plastic:35,r,S,180.0,0.0,-1.0
spray,11,13,plastic,-24,20,0.3125,0.11764705882352941,74s,plastic:74,s,S,180.0,0.0,-1.0
spray,11,13,plastic,-16,20,0.375,0.11764705882352941,61s,plastic:61,s,W,270.0,-1.0,-0.0
spray,11,13,plastic,0,20,0.5,0.11764705882352941,8s,plastic:8,s,S,180.0,0.0,-1.0
spray,11,13,plastic,16,20,0.625,0.11764705882352941,61s,plastic:61,s,SE,135.0,0.7071067812,-0.7071067812
spray,11,13,plastic,32,20,0.75,0.11764705882352941,35r,plastic:35,r,SE,135.0,0.7071067812,-0.7071067812
spray,11,13,plastic,48,20,0.875,0.11764705882352941,8s,plastic:8,s,SE,135.0,0.7071067812,-0.7071067812
spray,11,13,plastic,56,20,0.9375,0.11764705882352941,74s,plastic:74,s,S,180.0,0.0,-1.0
spray,11,13,plastic,-28,24,0.28125,0.14705882352941177,6s,plastic:6,s,S,180.0,0.0,-1.0
spray,11,13,plastic,-64,28,0.0,0.17647058823529413,35l,plastic:35,l,SW,225.0,-0.7071067812,-0.7071067812
spray,11,13,plastic,-48,28,0.125,0.17647058823529413,8s,plastic:8,s,S,180.0,0.0,-1.0
spray,11,13,plastic,-40,28,0.1875,0.17647058823529413,77s,plastic:77,s,NE,45.0,0.7071067812,0.7071067812
spray,11,13,plastic,-32,28,0.25,0.17647058823529413,61s,plastic:61,s,W,270.0,-1.0,-0.0
spray,11,13,plastic,-16,28,0.375,0.17647058823529413,8s,plastic:8,s,S,180.0,0.0,-1.0
spray,11,13,plastic,-8,28,0.4375,0.17647058823529413,61s,plastic:61,s,S,180.0,0.0,-1.0
spray,11,13,plastic,8,28,0.5625,0.17647058823529413,74s,plastic:74,s,S,180.0,0.0,-1.0
spray,11,13,plastic,24,28,0.6875,0.17647058823529413,61s,plastic:61,s,SW,225.0,-0.7071067812,-0.7071067812
spray,11,13,plastic,32,28,0.75,0.17647058823529413,74s,plastic:74,s,S,180.0,0.0,-1.0
spray,11,13,plastic,40,28,0.8125,0.17647058823529413,77s,plastic:77,s,N,0.0,0.0,1.0
spray,11,13,plastic,-28,32,0.28125,0.20588235294117646,74s,plastic:74,s,S,180.0,0.0,-1.0
spray,11,13,plastic,4,32,0.53125,0.20588235294117646,61s,plastic:61,s,W,270.0,-1.0,-0.0
spray,11,13,plastic,20,32,0.65625,0.20588235294117646,35r,plastic:35,r,SE,135.0,0.7071067812,-0.7071067812
spray,11,13,plastic,52,32,0.90625,0.20588235294117646,35l,plastic:35,l,S,180.0,0.0,-1.0
spray,11,13,plastic,-56,36,0.0625,0.23529411764705882,61s,plastic:61,s,W,270.0,-1.0,-0.0
spray,11,13,plastic,-8,36,0.4375,0.23529411764705882,74s,plastic:74,s,S,180.0,0.0,-1.0
spray,11,13,plastic,8,36,0.5625,0.23529411764705882,45l,plastic:45,l,E,90.0,1.0,0.0
spray,11,13,plastic,32,36,0.75,0.23529411764705882,61s,plastic:61,s,S,180.0,0.0,-1.0
spray,11,13,plastic,-36,40,0.21875,0.2647058823529412,35l,plastic:35,l,SW,225.0,-0.7071067812,-0.7071067812
spray,11,13,plastic,-28,40,0.28125,0.2647058823529412,65s,plastic:65,s,S,180.0,0.0,-1.0
spray,11,13,plastic,-12,40,0.40625,0.2647058823529412,51l,plastic:51,l,N,0.0,0.0,1.0
spray,11,13,plastic,4,40,0.53125,0.2647058823529412,51r,plastic:51,r,NW,315.0,-0.7071067812,0.7071067812
spray,11,13,plastic,20,40,0.65625,0.2647058823529412,39r,plastic:39,r,N,0.0,0.0,1.0
spray,11,13,plastic,44,40,0.84375,0.2647058823529412,67s,plastic:67,s,S,180.0,0.0,-1.0
spray,11,13,plastic,52,40,0.90625,0.2647058823529412,75s,plastic:75,s,NW,315.0,-0.7071067812,0.7071067812
spray,11,13,plastic,-64,44,0.0,0.29411764705882354,77s,plastic:77,s,E,90.0,1.0,0.0
spray,11,13,plastic,-56,44,0.0625,0.29411764705882354,67s,plastic:67,s,S,180.0,0.0,-1.0
spray,11,13,plastic,-48,44,0.125,0.29411764705882354,47r,plastic:47,r,NW,315.0,-0.7071067812,0.7071067812
spray,11,13,plastic,-32,44,0.25,0.29411764705882354,39l,plastic:39,l,E/SE,112.5,0.9238795325,-0.3826834324
spray,11,13,plastic,-24,44,0.3125,0.29411764705882354,23r,plastic:23,r,S/SW,202.5,-0.3826834324,-0.9238795325
spray,11,13,plastic,-8,44,0.4375,0.29411764705882354,26l,plastic:26,l,S,180.0,0.0,-1.0
spray,11,13,plastic,0,44,0.5,0.29411764705882354,11l,plastic:11,l,N/NW,337.5,-0.3826834324,0.9238795325
spray,11,13,plastic,16,44,0.625,0.29411764705882354,61s,plastic:61,s,E,90.0,1.0,0.0
spray,11,13,plastic,24,44,0.6875,0.29411764705882354,26l,plastic:26,l,SE,135.0,0.7071067812,-0.7071067812
spray,11,13,plastic,40,44,0.8125,0.29411764705882354,65s,plastic:65,s,S,180.0,0.0,-1.0
spray,11,13,plastic,64,44,1.0,0.29411764705882354,9r,plastic:9,r,SE,135.0,0.7071067812,-0.7071067812
spray,11,13,plastic,-36,48,0.21875,0.3235294117647059,75s,plastic:75,s,S,180.0,0.0,-1.0
spray,11,13,plastic,-20,48,0.34375,0.3235294117647059,61s,plastic:61,s,W,270.0,-1.0,-0.0
spray,11,13,plastic,4,48,0.53125,0.3235294117647059,23l,plastic:23,l,S/SE,157.5,0.3826834324,-0.9238795325
spray,11,13,plastic,36,48,0.78125,0.3235294117647059,74s,plastic:74,s,S,180.0,0.0,-1.0
spray,11,13,plastic,52,48,0.90625,0.3235294117647059,47l,plastic:47,l,NE,45.0,0.7071067812,0.7071067812
spray,11,13,plastic,-48,52,0.125,0.35294117647058826,17l,plastic:17,l,E/NE,67.5,0.9238795325,0.3826834324
spray,11,13,plastic,-32,52,0.25,0.35294117647058826,5s,plastic:5,s,S,180.0,0.0,-1.0
spray,11,13,plastic,-16,52,0.375,0.35294117647058826,22r,plastic:22,r,SW,225.0,-0.7071067812,-0.7071067812
spray,11,13,plastic,0,52,0.5,0.35294117647058826,18l,plastic:18,l,S,180.0,0.0,-1.0
spray,11,13,plastic,8,52,0.5625,0.35294117647058826,74s,plastic:74,s,S,180.0,0.0,-1.0
spray,11,13,plastic,16,52,0.625,0.35294117647058826,42r,plastic:42,r,S,180.0,0.0,-1.0
spray,11,13,plastic,24,52,0.6875,0.35294117647058826,22l,plastic:22,l,S,180.0,0.0,-1.0
spray,11,13,plastic,-44,56,0.15625,0.38235294117647056,74s,plastic:74,s,SW,225.0,-0.7071067812,-0.7071067812
spray,11,13,plastic,-36,56,0.21875,0.38235294117647056,37l,plastic:37,l,SE,135.0,0.7071067812,-0.7071067812
spray,11,13,plastic,-4,56,0.46875,0.38235294117647056,69s,plastic:69,s,S,180.0,0.0,-1.0
spray,11,13,plastic,52,56,0.90625,0.38235294117647056,35r,plastic:35,r,SE,135.0,0.7071067812,-0.7071067812
spray,11,13,plastic,-64,60,0.0,0.4117647058823529,61s,plastic:61,s,SE,135.0,0.7071067812,-0.7071067812
spray,11,13,plastic,-56,60,0.0625,0.4117647058823529,15l,plastic:15,l,S/SW,202.5,-0.3826834324,-0.9238795325
spray,11,13,plastic,-16,60,0.375,0.4117647058823529,64s,plastic:64,s,SE,135.0,0.7071067812,-0.7071067812
spray,11,13,plastic,-8,60,0.4375,0.4117647058823529,11r,plastic:11,r,NE,45.0,0.7071067812,0.7071067812
spray,11,13,plastic,8,60,0.5625,0.4117647058823529,30s,plastic:30,s,NW,315.0,-0.7071067812,0.7071067812
spray,11,13,plastic,24,60,0.6875,0.4117647058823529,26r,plastic:26,r,SW,225.0,-0.7071067812,-0.7071067812
spray,11,13,plastic,32,60,0.75,0.4117647058823529,46r,plastic:46,r,NW,315.0,-0.7071067812,0.7071067812
spray,11,13,plastic,48,60,0.875,0.4117647058823529,71s,plastic:71,s,E/NE,67.5,0.9238795325,0.3826834324
spray,11,13,plastic,56,60,0.9375,0.4117647058823529,75s,plastic:75,s,SW,225.0,-0.7071067812,-0.7071067812
spray,11,13,plastic,64,60,1.0,0.4117647058823529,43r,plastic:43,r,E,90.0,1.0,0.0
spray,11,13,plastic,-44,64,0.15625,0.4411764705882353,61s,plastic:61,s,W,270.0,-1.0,-0.0
spray,11,13,plastic,-28,64,0.28125,0.4411764705882353,69s,plastic:69,s,S,180.0,0.0,-1.0
spray,11,13,plastic,-20,64,0.34375,0.4411764705882353,42r,plastic:42,r,S,180.0,0.0,-1.0
spray,11,13,plastic,4,64,0.53125,0.4411764705882353,57s,plastic:57,s,E,90.0,1.0,0.0
spray,11,13,plastic,12,64,0.59375,0.4411764705882353,16l,plastic:16,l,E/SE,112.5,0.9238795325,-0.3826834324
spray,11,13,plastic,36,64,0.78125,0.4411764705882353,48r,plastic:48,r,S/SW,202.5,-0.3826834324,-0.9238795325
spray,11,13,plastic,-64,68,0.0,0.47058823529411764,20l,plastic:20,l,W,270.0,-1.0,-0.0
spray,11,13,plastic,-48,68,0.125,0.47058823529411764,71s,plastic:71,s,S,180.0,0.0,-1.0
spray,11,13,plastic,-40,68,0.1875,0.47058823529411764,30s,plastic:30,s,NE,45.0,0.7071067812,0.7071067812
spray,11,13,plastic,-32,68,0.25,0.47058823529411764,46l,plastic:46,l,NE,45.0,0.7071067812,0.7071067812
spray,11,13,plastic,-24,68,0.3125,0.47058823529411764,31s,plastic:31,s,S/SE,157.5,0.3826834324,-0.9238795325
spray,11,13,plastic,-8,68,0.4375,0.47058823529411764,68s,plastic:68,s,SW,225.0,-0.7071067812,-0.7071067812
spray,11,13,plastic,0,68,0.5,0.47058823529411764,32s,plastic:32,s,S,180.0,0.0,-1.0
spray,11,13,plastic,24,68,0.6875,0.47058823529411764,12r,plastic:12,r,SE,135.0,0.7071067812,-0.7071067812
spray,11,13,plastic,40,68,0.8125,0.47058823529411764,37r,plastic:37,r,S/SW,202.5,-0.3826834324,-0.9238795325
spray,11,13,plastic,48,68,0.875,0.47058823529411764,58s,plastic:58,s,NE,45.0,0.7071067812,0.7071067812
spray,11,13,plastic,56,68,0.9375,0.47058823529411764,14r,plastic:14,r,S/SW,202.5,-0.3826834324,-0.9238795325
spray,11,13,plastic,-60,72,0.03125,0.5,48l,plastic:48,l,SE,135.0,0.7071067812,-0.7071067812
spray,11,13,plastic,-52,72,0.09375,0.5,43l,plastic:43,l,W/SW,247.5,-0.9238795325,-0.3826834324
spray,11,13,plastic,-36,72,0.21875,0.5,42l,plastic:42,l,S,180.0,0.0,-1.0
spray,11,13,plastic,-4,72,0.46875,0.5,70s,plastic:70,s,S,180.0,0.0,-1.0
spray,11,13,plastic,4,72,0.53125,0.5,35l,plastic:35,l,SW,225.0,-0.7071067812,-0.7071067812
spray,11,13,plastic,20,72,0.65625,0.5,49r,plastic:49,r,E/SE,112.5,0.9238795325,-0.3826834324
spray,11,13,plastic,44,72,0.84375,0.5,34r,plastic:34,r,SW,225.0,-0.7071067812,-0.7071067812
spray,11,13,plastic,52,72,0.90625,0.5,74s,plastic:74,s,S,180.0,0.0,-1.0
spray,11,13,plastic,-48,76,0.125,0.5294117647058824,14l,plastic:14,l,E/SE,112.5,0.9238795325,-0.3826834324
spray,11,13,plastic,-32,76,0.25,0.5294117647058824,18r,plastic:18,r,S/SW,202.5,-0.3826834324,-0.9238795325
spray,11,13,plastic,-16,76,0.375,0.5294117647058824,12l,plastic:12,l,W/NW,292.5,-0.9238795325,0.3826834324
spray,11,13,plastic,0,76,0.5,0.5294117647058824,28s,plastic:28,s,N,0.0,0.0,1.0
spray,11,13,plastic,8,76,0.5625,0.5294117647058824,54s,plastic:54,s,S,180.0,0.0,-1.0
spray,11,13,plastic,16,76,0.625,0.5294117647058824,11r,plastic:11,r,W,270.0,-1.0,-0.0
spray,11,13,plastic,32,76,0.75,0.5294117647058824,3s,plastic:3,s,NE,45.0,0.7071067812,0.7071067812
spray,11,13,plastic,40,76,0.8125,0.5294117647058824,43r,plastic:43,r,SE,135.0,0.7071067812,-0.7071067812
spray,11,13,plastic,64,76,1.0,0.5294117647058824,20r,plastic:20,r,E,90.0,1.0,0.0
spray,11,13,plastic,-60,80,0.03125,0.5588235294117647,9l,plastic:9,l,SW,225.0,-0.7071067812,-0.7071067812
spray,11,13,plastic,-20,80,0.34375,0.5588235294117647,40l,plastic:40,l,N/NE,22.5,0.3826834324,0.9238795325
spray,11,13,plastic,-12,80,0.40625,0.5588235294117647,3s,plastic:3,s,SE,135.0,0.7071067812,-0.7071067812
spray,11,13,plastic,-4,80,0.46875,0.5588235294117647,42l,plastic:42,l,S,180.0,0.0,-1.0
spray,11,13,plastic,20,80,0.65625,0.5588235294117647,51l,plastic:51,l,NE,45.0,0.7071067812,0.7071067812
spray,11,13,plastic,28,80,0.71875,0.5588235294117647,36r,plastic:36,r,E,90.0,1.0,0.0
spray,11,13,plastic,44,80,0.84375,0.5588235294117647,60s,plastic:60,s,S,180.0,0.0,-1.0
spray,11,13,plastic,-56,84,0.0625,0.5882352941176471,75s,plastic:75,s,S,180.0,0.0,-1.0
spray,11,13,plastic,-48,84,0.125,0.5882352941176471,13r,plastic:13,r,W/SW,247.5,-0.9238795325,-0.3826834324
spray,11,13,plastic,-40,84,0.1875,0.5882352941176471,48l,plastic:48,l,S,180.0,0.0,-1.0
spray,11,13,plastic,-32,84,0.25,0.5882352941176471,32s,plastic:32,s,SE,135.0,0.7071067812,-0.7071067812
spray,11,13,plastic,-16,84,0.375,0.5882352941176471,49l,plastic:49,l,SW,225.0,-0.7071067812,-0.7071067812
spray,11,13,plastic,-8,84,0.4375,0.5882352941176471,20l,plastic:20,l,W,270.0,-1.0,-0.0
spray,11,13,plastic,8,84,0.5625,0.5882352941176471,66s,plastic:66,s,SW,225.0,-0.7071067812,-0.7071067812
spray,11,13,plastic,48,84,0.875,0.5882352941176471,17r,plastic:17,r,W/NW,292.5,-0.9238795325,0.3826834324
spray,11,13,plastic,56,84,0.9375,0.5882352941176471,45r,plastic:45,r,E,90.0,1.0,0.0
spray,11,13,plastic,64,84,1.0,0.5882352941176471,77s,plastic:77,s,W,270.0,-1.0,-0.0
spray,11,13,plastic,-44,88,0.15625,0.6176470588235294,33l,plastic:33,l,S/SE,157.5,0.3826834324,-0.9238795325
spray,11,13,plastic,4,88,0.53125,0.6176470588235294,52s,plastic:52,s,S,180.0,0.0,-1.0
spray,11,13,plastic,12,88,0.59375,0.6176470588235294,75s,plastic:75,s,S,180.0,0.0,-1.0
spray,11,13,plastic,20,88,0.65625,0.6176470588235294,50l,plastic:50,l,W/NW,292.5,-0.9238795325,0.3826834324
spray,11,13,plastic,28,88,0.71875,0.6176470588235294,40r,plastic:40,r,NW,315.0,-0.7071067812,0.7071067812
spray,11,13,plastic,36,88,0.78125,0.6176470588235294,42r,plastic:42,r,S/SW,202.5,-0.3826834324,-0.9238795325
spray,11,13,plastic,52,88,0.90625,0.6176470588235294,59s,plastic:59,s,S,180.0,0.0,-1.0
spray,11,13,plastic,-64,92,0.0,0.6470588235294118,45l,plastic:45,l,W,270.0,-1.0,-0.0
spray,11,13,plastic,-56,92,0.0625,0.6470588235294118,34l,plastic:34,l,W,270.0,-1.0,-0.0
spray,11,13,plastic,-32,92,0.25,0.6470588235294118,29s,plastic:29,s,S,180.0,0.0,-1.0
spray,11,13,plastic,-24,92,0.3125,0.6470588235294118,64s,plastic:64,s,SW,225.0,-0.7071067812,-0.7071067812
spray,11,13,plastic,-16,92,0.375,0.6470588235294118,11l,plastic:11,l,E/NE,67.5,0.9238795325,0.3826834324
spray,11,13,plastic,-8,92,0.4375,0.6470588235294118,16r,plastic:16,r,W/SW,247.5,-0.9238795325,-0.3826834324
spray,11,13,plastic,0,92,0.5,0.6470588235294118,53s,plastic:53,s,S,180.0,0.0,-1.0
spray,11,13,plastic,24,92,0.6875,0.6470588235294118,74s,plastic:74,s,S/SE,157.5,0.3826834324,-0.9238795325
spray,11,13,plastic,40,92,0.8125,0.6470588235294118,51r,plastic:51,r,W,270.0,-1.0,-0.0
spray,11,13,plastic,-52,96,0.09375,0.6764705882352942,59s,plastic:59,s,S,180.0,0.0,-1.0
spray,11,13,plastic,-44,96,0.15625,0.6764705882352942,58s,plastic:58,s,N,0.0,0.0,1.0
spray,11,13,plastic,-12,96,0.40625,0.6764705882352942,50r,plastic:50,r,E/NE,67.5,0.9238795325,0.3826834324
spray,11,13,plastic,12,96,0.59375,0.6764705882352942,54s,plastic:54,s,S,180.0,0.0,-1.0
spray,11,13,plastic,20,96,0.65625,0.6764705882352942,57s,plastic:57,s,E,90.0,1.0,0.0
spray,11,13,plastic,28,96,0.71875,0.6764705882352942,27s,plastic:27,s,S/SE,157.5,0.3826834324,-0.9238795325
spray,11,13,plastic,52,96,0.90625,0.6764705882352942,44r,plastic:44,r,S/SW,202.5,-0.3826834324,-0.9238795325
spray,11,13,plastic,60,96,0.96875,0.6764705882352942,19r,plastic:19,r,S,180.0,0.0,-1.0
spray,11,13,plastic,-32,100,0.25,0.7058823529411765,27s,plastic:27,s,S/SW,202.5,-0.3826834324,-0.9238795325
spray,11,13,plastic,-8,100,0.4375,0.7058823529411765,36l,plastic:36,l,W,270.0,-1.0,-0.0
spray,11,13,plastic,0,100,0.5,0.7058823529411765,29s,plastic:29,s,S,180.0,0.0,-1.0
spray,11,13,plastic,8,100,0.5625,0.7058823529411765,49r,plastic:49,r,E,90.0,1.0,0.0
spray,11,13,plastic,32,100,0.75,0.7058823529411765,70s,plastic:70,s,S,180.0,0.0,-1.0
spray,11,13,plastic,48,100,0.875,0.7058823529411765,13l,plastic:13,l,E/SE,112.5,0.9238795325,-0.3826834324
spray,11,13,plastic,64,100,1.0,0.7058823529411765,21r,plastic:21,r,S,180.0,0.0,-1.0
spray,11,13,plastic,-60,104,0.03125,0.7352941176470589,55s,plastic:55,s,S,180.0,0.0,-1.0
spray,11,13,plastic,-44,104,0.15625,0.7352941176470589,60s,plastic:60,s,S,180.0,0.0,-1.0
spray,11,13,plastic,-36,104,0.21875,0.7352941176470589,43l,plastic:43,l,SW,225.0,-0.7071067812,-0.7071067812
spray,11,13,plastic,-20,104,0.34375,0.7352941176470589,51r,plastic:51,r,W,270.0,-1.0,-0.0
spray,11,13,plastic,-4,104,0.46875,0.7352941176470589,66s,plastic:66,s,E/SE,112.5,0.9238795325,-0.3826834324
spray,11,13,plastic,20,104,0.65625,0.7352941176470589,64s,plastic:64,s,SE,135.0,0.7071067812,-0.7071067812
spray,11,13,plastic,28,104,0.71875,0.7352941176470589,26r,plastic:26,r,S,180.0,0.0,-1.0
spray,11,13,plastic,36,104,0.78125,0.7352941176470589,52s,plastic:52,s,S,180.0,0.0,-1.0
spray,11,13,plastic,44,104,0.84375,0.7352941176470589,55s,plastic:55,s,S,180.0,0.0,-1.0
spray,11,13,plastic,-64,108,0.0,0.7647058823529411,19l,plastic:19,l,S/SW,202.5,-0.3826834324,-0.9238795325
spray,11,13,plastic,-56,108,0.0625,0.7647058823529411,21l,plastic:21,l,SW,225.0,-0.7071067812,-0.7071067812
spray,11,13,plastic,-40,108,0.1875,0.7647058823529411,77s,plastic:77,s,SE,135.0,0.7071067812,-0.7071067812
spray,11,13,plastic,-24,108,0.3125,0.7647058823529411,18l,plastic:18,l,S,180.0,0.0,-1.0
spray,11,13,plastic,-16,108,0.375,0.7647058823529411,41l,plastic:41,l,W/SW,247.5,-0.9238795325,-0.3826834324
spray,11,13,plastic,8,108,0.5625,0.7647058823529411,42l,plastic:42,l,SE,135.0,0.7071067812,-0.7071067812
spray,11,13,plastic,-44,112,0.15625,0.7941176470588235,44l,plastic:44,l,S,180.0,0.0,-1.0
spray,11,13,plastic,-36,112,0.21875,0.7941176470588235,2s,plastic:2,s,SW,225.0,-0.7071067812,-0.7071067812
spray,11,13,plastic,-4,112,0.46875,0.7941176470588235,20r,plastic:20,r,E,90.0,1.0,0.0
spray,11,13,plastic,12,112,0.59375,0.7941176470588235,68s,plastic:68,s,S/SW,202.5,-0.3826834324,-0.9238795325
spray,11,13,plastic,28,112,0.71875,0.7941176470588235,41r,plastic:41,r,E/SE,112.5,0.9238795325,-0.3826834324
spray,11,13,plastic,44,112,0.84375,0.7941176470588235,33r,plastic:33,r,S,180.0,0.0,-1.0
spray,11,13,plastic,60,112,0.96875,0.7941176470588235,48r,plastic:48,r,S,180.0,0.0,-1.0
spray,11,13,plastic,-64,116,0.0,0.8235294117647058,1s,plastic:1,s,S,180.0,0.0,-1.0
spray,11,13,plastic,-56,116,0.0625,0.8235294117647058,75s,plastic:75,s,S,180.0,0.0,-1.0
spray,11,13,plastic,-24,116,0.3125,0.8235294117647058,3s,plastic:3,s,SE,135.0,0.7071067812,-0.7071067812
spray,11,13,plastic,-8,116,0.4375,0.8235294117647058,31s,plastic:31,s,NE,45.0,0.7071067812,0.7071067812
spray,11,13,plastic,8,116,0.5625,0.8235294117647058,51l,plastic:51,l,E,90.0,1.0,0.0
spray,11,13,plastic,16,116,0.625,0.8235294117647058,49l,plastic:49,l,W,270.0,-1.0,-0.0
spray,11,13,plastic,24,116,0.6875,0.8235294117647058,18r,plastic:18,r,SW,225.0,-0.7071067812,-0.7071067812
spray,11,13,plastic,40,116,0.8125,0.8235294117647058,45r,plastic:45,r,E/SE,112.5,0.9238795325,-0.3826834324
spray,11,13,plastic,48,116,0.875,0.8235294117647058,15r,plastic:15,r,SW,225.0,-0.7071067812,-0.7071067812
spray,11,13,plastic,64,116,1.0,0.8235294117647058,1s,plastic:1,s,S,180.0,0.0,-1.0
spray,11,13,plastic,-52,120,0.09375,0.8529411764705882,38l,plastic:38,l,S,180.0,0.0,-1.0
spray,11,13,plastic,-44,120,0.15625,0.8529411764705882,57s,plastic:57,s,NE,45.0,0.7071067812,0.7071067812
spray,11,13,plastic,-36,120,0.21875,0.8529411764705882,36l,plastic:36,l,W,270.0,-1.0,-0.0
spray,11,13,plastic,-28,120,0.28125,0.8529411764705882,34r,plastic:34,r,E/SE,112.5,0.9238795325,-0.3826834324
spray,11,13,plastic,-12,120,0.40625,0.8529411764705882,62s,plastic:62,s,S,180.0,0.0,-1.0
spray,11,13,plastic,-4,120,0.46875,0.8529411764705882,21l,plastic:21,l,SW,225.0,-0.7071067812,-0.7071067812
spray,11,13,plastic,4,120,0.53125,0.8529411764705882,44l,plastic:44,l,E/SE,112.5,0.9238795325,-0.3826834324
spray,11,13,plastic,20,120,0.65625,0.8529411764705882,36r,plastic:36,r,E,90.0,1.0,0.0
spray,11,13,plastic,28,120,0.71875,0.8529411764705882,62s,plastic:62,s,S,180.0,0.0,-1.0
spray,11,13,plastic,52,120,0.90625,0.8529411764705882,57s,plastic:57,s,E,90.0,1.0,0.0
spray,11,13,plastic,-64,124,0.0,0.8823529411764706,3s,plastic:3,s,NE,45.0,0.7071067812,0.7071067812
spray,11,13,plastic,-56,124,0.0625,0.8823529411764706,72s,plastic:72,s,S,180.0,0.0,-1.0
spray,11,13,plastic,-40,124,0.1875,0.8823529411764706,21l,plastic:21,l,SE,135.0,0.7071067812,-0.7071067812
spray,11,13,plastic,-24,124,0.3125,0.8823529411764706,25s,plastic:25,s,W/SW,247.5,-0.9238795325,-0.3826834324
spray,11,13,plastic,0,124,0.5,0.8823529411764706,56s,plastic:56,s,S,180.0,0.0,-1.0
spray,11,13,plastic,8,124,0.5625,0.8823529411764706,72s,plastic:72,s,S,180.0,0.0,-1.0
spray,11,13,plastic,24,124,0.6875,0.8823529411764706,71s,plastic:71,s,SE,135.0,0.7071067812,-0.7071067812
spray,11,13,plastic,40,124,0.8125,0.8823529411764706,10l,plastic:10,l,SE,135.0,0.7071067812,-0.7071067812
spray,11,13,plastic,-52,128,0.09375,0.9117647058823529,32s,plastic:32,s,S,180.0,0.0,-1.0
spray,11,13,plastic,-44,128,0.15625,0.9117647058823529,67s,plastic:67,s,S,180.0,0.0,-1.0
spray,11,13,plastic,-28,128,0.28125,0.9117647058823529,5s,plastic:5,s,S,180.0,0.0,-1.0
spray,11,13,plastic,-12,128,0.40625,0.9117647058823529,10r,plastic:10,r,SW,225.0,-0.7071067812,-0.7071067812
spray,11,13,plastic,-4,128,0.46875,0.9117647058823529,71s,plastic:71,s,SE,135.0,0.7071067812,-0.7071067812
spray,11,13,plastic,12,128,0.59375,0.9117647058823529,70s,plastic:70,s,S,180.0,0.0,-1.0
spray,11,13,plastic,20,128,0.65625,0.9117647058823529,44r,plastic:44,r,W/SW,247.5,-0.9238795325,-0.3826834324
spray,11,13,plastic,44,128,0.84375,0.9117647058823529,72s,plastic:72,s,S,180.0,0.0,-1.0
spray,11,13,plastic,52,128,0.90625,0.9117647058823529,32s,plastic:32,s,S,180.0,0.0,-1.0
spray,11,13,plastic,60,128,0.96875,0.9117647058823529,67s,plastic:67,s,SW,225.0,-0.7071067812,-0.7071067812
spray,11,13,plastic,-56,132,0.0625,0.9411764705882353,2s,plastic:2,s,S/SE,157.5,0.3826834324,-0.9238795325
spray,11,13,plastic,-40,132,0.1875,0.9411764705882353,58s,plastic:58,s,E,90.0,1.0,0.0
spray,11,13,plastic,-32,132,0.25,0.9411764705882353,73s,plastic:73,s,SE,135.0,0.7071067812,-0.7071067812
spray,11,13,plastic,8,132,0.5625,0.9411764705882353,58s,plastic:58,s,E,90.0,1.0,0.0
spray,11,13,plastic,16,132,0.625,0.9411764705882353,25s,plastic:25,s,SE,135.0,0.7071067812,-0.7071067812
spray,11,13,plastic,40,132,0.8125,0.9411764705882353,21r,plastic:21,r,S,180.0,0.0,-1.0
spray,11,13,plastic,48,132,0.875,0.9411764705882353,3s,plastic:3,s,SE,135.0,0.7071067812,-0.7071067812
spray,11,13,plastic,64,132,1.0,0.9411764705882353,38r,plastic:38,r,S,180.0,0.0,-1.0
spray,11,13,plastic,-12,136,0.40625,0.9705882352941176,21r,plastic:21,r,S/SW,202.5,-0.3826834324,-0.9238795325
spray,11,13,plastic,-4,136,0.46875,0.9705882352941176,73s,plastic:73,s,SE,135.0,0.7071067812,-0.7071067812
spray,11,13,plastic,4,136,0.53125,0.9705882352941176,5s,plastic:5,s,S,180.0,0.0,-1.0
spray,11,13,plastic,20,136,0.65625,0.9705882352941176,34l,plastic:34,l,W,270.0,-1.0,-0.0
spray,11,13,plastic,28,136,0.71875,0.9705882352941176,56s,plastic:56,s,S,180.0,0.0,-1.0
spray,11,13,plastic,52,136,0.90625,0.9705882352941176,2s,plastic:2,s,S,180.0,0.0,-1.0
spray,11,13,plastic,-64,140,0.0,1.0,63s,plastic:63,s,S/SW,202.5,-0.3826834324,-0.9238795325
spray,11,13,plastic,-48,140,0.125,1.0,76s,plastic:76,s,S,180.0,0.0,-1.0
spray,11,13,plastic,-24,140,0.3125,1.0,1s,plastic:1,s,S,180.0,0.0,-1.0
spray,11,13,plastic,-16,140,0.375,1.0,4s,plastic:4,s,S,180.0,0.0,-1.0
spray,11,13,plastic,0,140,0.5,1.0,24s,plastic:24,s,S,180.0,0.0,-1.0
spray,11,13,plastic,24,140,0.6875,1.0,4s,plastic:4,s,S,180.0,0.0,-1.0
spray,11,13,plastic,40,140,0.8125,1.0,24s,plastic:24,s,S,180.0,0.0,-1.0
spray,11,13,plastic,56,140,0.9375,1.0,76s,plastic:76,s,S,180.0,0.0,-1.0
spray,11,13,plastic,64,140,1.0,1.0,63s,plastic:63,s,S/SE,157.5,0.3826834324,-0.9238795325
